,Address,Price,Title,Square,Link,MÃ£ tin,HÆ°á»›ng,Loáº¡i tin,ÄÆ°á»ng trÆ°á»›c nhÃ ,Loáº¡i BDS,PhÃ¡p lÃ½,Chiá»u ngang,Chiá»u dÃ i,Sá»‘ láº§u,Sá»‘ phÃ²ng ngá»§
0,"79* ÄÆ°á»ng Trá»‹nh NhÆ° KhuÃª, XÃ£ BÃ¬nh ChÃ¡nh, Huyá»‡n BÃ¬nh ChÃ¡nh, Há»“ ChÃ­ Minh",790 triá»‡u,"BÃN NHÃ€ Máº¶T TIá»€N-12M - SAU CHá»¢ BÃŒNH CHÃNH,QL1A - CHO THUÃŠ-8TR-1THÃNG(BÃN Táº¬P HOÃ)","96 m
2",https://alonhadat.com.vn/ban-nha-mat-tien-dang-kinh-doanh-88-4m2-gia-900tr-ngay-sau-cho-so-hong-rieng-14143306.html,14143306,ÄÃ´ng,Cáº§n bÃ¡n,12m,NhÃ  máº·t tiá»n,Sá»• há»“ng/ Sá»• Ä‘á»,5m,19m,1,3
1,"ÄÆ°á»ng Pháº¡m VÄƒn Hai, PhÆ°á»ng 3, Quáº­n TÃ¢n BÃ¬nh, Há»“ ChÃ­ Minh","4,2 tá»·","BÃ¡n nhÃ  giÃ¡ ngá»™p giÃ¡ chá»‰ 4tá»·200, Ä‘ang cho thuÃª 22tr/thÃ¡ng, á»Ÿ Pháº¡m VÄƒn Hai -TÃ¢n BÃ¬nh","54 m
2",https://alonhadat.com.vn/ban-nha-gia-ngop-gia-chi-4ty200-dang-cho-thue-22tr-thang-o-pham-van-hai-tan-binh-15381598.html,15381598,_,Cáº§n bÃ¡n,6m,NhÃ  trong háº»m,Sá»• há»“ng/ Sá»• Ä‘á»,4m,,2,4
2,"ÄÆ°á»ng Phá»• Quang, PhÆ°á»ng 2, Quáº­n TÃ¢n BÃ¬nh, Há»“ ChÃ­ Minh","3,3 tá»·","BÃ¡n nhÃ  Ä‘áº¹p giÃ¡ ngá»™p Ä. Phá»‘ Quang, TÃ¢n BÃ¬nh, giÃ¡ siÃªu má»m chá»‰ 3.3 tá»·, 52m2, SHR","52 m
2",https://alonhadat.com.vn/ban-nha-dep-gia-ngop-d-pho-quang-tan-binh-gia-sieu-mem-chi-3-3-ty-52m2-shr-15405588.html,15405588,_,Cáº§n bÃ¡n,6m,NhÃ  trong háº»m,Sá»• há»“ng/ Sá»• Ä‘á»,4m,13m,2,4
3,"ÄÆ°á»ng Nguyá»…n VÄƒn CÃ´ng, PhÆ°á»ng 3, Quáº­n GÃ² Váº¥p, Há»“ ChÃ­ Minh","3,8 tá»·","Chá»§ ngá»™p tiá»n bÃ¡n gáº¥p nhaÌ€ 48m2 NguyÃªÌƒn VÄƒn CÃ´ng, P3, GoÌ€ VÃ¢Ìp. GiÃ¡ 3 tá»· 800 - SHR","48 m
2",https://alonhadat.com.vn/chu-ngop-tien-ban-gap-nha-48m2-nguyen-van-cong-p3-go-vap-gia-3-ty-800-shr-15385160.html,15385160,_,Cáº§n bÃ¡n,6m,NhÃ  trong háº»m,Sá»• há»“ng/ Sá»• Ä‘á»,4m,12m,2,4
4,"ÄÆ°á»ng Nguyá»…n VÄƒn Nghi, PhÆ°á»ng 4, Quáº­n GÃ² Váº¥p, Há»“ ChÃ­ Minh","3,2 tá»·","Cáº§n Ä‘i nÆ°á»›c ngoÃ i bÃ¡n nhanh nhÃ  Nguyá»…n VÄƒn Nghi, phÆ°á»ng 4 Q.GÃ² Váº¥p 48m2/ 3.2tá»·","48 m
2",https://alonhadat.com.vn/can-di-nuoc-ngoai-ban-nhanh-nha-nguyen-van-nghi-phuong-4-q-go-vap-48m2-3-2ty-15407136.html,15407136,_,Cáº§n bÃ¡n,6m,NhÃ  trong háº»m,Sá»• há»“ng/ Sá»• Ä‘á»,4m,12m,2,4
5,"ÄÆ°á»ng Nguyá»…n ThÃ¡i SÆ¡n, PhÆ°á»ng 4, Quáº­n GÃ² Váº¥p, Há»“ ChÃ­ Minh","2,9 tá»·",CHá»ˆ 2Tá»¶9 CÃ“ NGAY CÄ‚N NHÃ€ 48m2 á» NGUYá»„N THÃI SÆ N GÃ’ Váº¤P. CHO THUÃŠ 16TR,"48 m
2",https://alonhadat.com.vn/chi-2ty9-co-ngay-can-nha-48m2-o-nguyen-thai-son-go-vap-cho-thue-16tr-15412833.html,15412833,_,Cáº§n bÃ¡n,6m,NhÃ  trong háº»m,Sá»• há»“ng/ Sá»• Ä‘á»,4m,12m,2,4
6,"ÄÆ°á»ng DÆ°Æ¡ng Quáº£ng HÃ m, PhÆ°á»ng 5, Quáº­n GÃ² Váº¥p, Há»“ ChÃ­ Minh","3,825 tá»·","Ä‘Æ°á»ng Ä‘ang má»Ÿ rá»™ng, nhÃ  DÆ°Æ¡ng Quáº£ng HÃ m - GÃ² Váº¥p. 70m2 giÃ¡ 3ty825, khu dÃ¢n cÆ°","70 m
2",https://alonhadat.com.vn/duong-dang-mo-rong-nha-duong-quang-ham-go-vap-70m2-gia-3ty825-khu-dan-cu-15405845.html,15405845,_,Cáº§n bÃ¡n,6m,NhÃ  trong háº»m,Sá»• há»“ng/ Sá»• Ä‘á»,5m,14m,3,4
7,"ÄÆ°á»ng Láº¡c Long QuÃ¢n, PhÆ°á»ng 8, Quáº­n TÃ¢n BÃ¬nh, Há»“ ChÃ­ Minh","2,43 tá»·","nhÃ  Láº¡c Long QuÃ¢n, TÃ¢n BÃ¬nh. 57,25m2 giÃ¡ má»m giáº£m 200tr cÃ²n 2ty430, kinh doanh tá»‘t","58 m
2",https://alonhadat.com.vn/nha-lac-long-quan-tan-binh-57-25m2-gia-mem-giam-200tr-con-2ty430-kinh-doanh-tot-15406301.html,15406301,_,Cáº§n bÃ¡n,6m,NhÃ  trong háº»m,Sá»• há»“ng/ Sá»• Ä‘á»,,,3,3
8,"ÄÆ°á»ng Tráº§n Quang Diá»‡u, PhÆ°á»ng 14, Quáº­n 3, Há»“ ChÃ­ Minh","3,65 tá»·","chÃ­nh chá»§ giáº£m 300tr nhÃ  Tráº§n Quang Diá»‡u, Quáº­n 3. cÃ²n 3ty650, diá»‡n tÃ­ch 56m2","56 m
2",https://alonhadat.com.vn/chinh-chu-giam-300tr-nha-tran-quang-dieu-quan-3-con-3ty650-dien-tich-56m2-15406901.html,15406901,_,Cáº§n bÃ¡n,6m,NhÃ  trong háº»m,Sá»• há»“ng/ Sá»• Ä‘á»,4m,14m,3,3
9,"ÄÆ°á»ng HoÃ ng VÄƒn Thá»¥, PhÆ°á»ng 4, Quáº­n TÃ¢n BÃ¬nh, Há»“ ChÃ­ Minh","3,5 tá»·","Cáº§n bÃ¡n gáº¥p nhÃ  má»›i xÃ¢y 2020 Ä‘Æ°á»ng HoÃ ng VÄƒn Thá»¥, P.4, TÃ¢n BÃ¬nh. GiÃ¡ 3 tá»· 500 - SHR","52 m
2",https://alonhadat.com.vn/can-ban-gap-nha-moi-xay-2020-duong-hoang-van-thu-p-4-tan-binh-gia-3-ty-500-shr-15407199.html,15407199,_,Cáº§n bÃ¡n,6m,NhÃ  trong háº»m,Sá»• há»“ng/ Sá»• Ä‘á»,4m,13m,2,4
10,"ÄÆ°á»ng YÃªn Tháº¿, PhÆ°á»ng 2, Quáº­n TÃ¢n BÃ¬nh, Há»“ ChÃ­ Minh","4,4 tá»·","BÃN Gáº¤P CÄ‚N NHÃ€ ÄI Äá»ŠNH CÆ¯ NÆ¯á»šC NGOÃ€I 1T2L ÄÆ¯á»œNG YÃŠN THáº¾, P2, TÃ‚N BÃŒNH.GIÃ 4.4 Tá»¶","52 m
2",https://alonhadat.com.vn/ban-gap-can-nha-di-dinh-cu-nuoc-ngoai-1t2l-duong-yen-the-p2-tan-binh-gia-4-4-ty-15388104.html,15388104,_,Cáº§n bÃ¡n,6m,NhÃ  trong háº»m,Sá»• há»“ng/ Sá»• Ä‘á»,4m,12m,2,4
11,"ÄÆ°á»ng LÃª Äáº¡i HÃ nh, PhÆ°á»ng KhuÃª Trung, Quáº­n Cáº©m Lá»‡, ÄÃ  Náºµng","5,39 tá»·","NhÃ  máº·t tiá»n Äá»— ÄÄƒng Tuyá»ƒn, 90m2, 3 táº§ng táº·ng ná»™i tháº¥t, Ä‘Æ°á»ng 7,5m, view cÃ´ng viÃªn, 5.X Tá»¶","90 m
2",https://alonhadat.com.vn/nha-mat-tien-do-dang-tuyen-duong-7-5m-le-5m-nha-dep-vao-o-ngay-90m2-3-tang-5-9t-14728844.html,14728844,_,Cáº§n bÃ¡n,,NhÃ  máº·t tiá»n,Sá»• há»“ng/ Sá»• Ä‘á»,5m,,3,4
12,"0x ÄÆ°á»ng Nguyá»…n Du, PhÆ°á»ng Tháº¡ch Thang, Quáº­n Háº£i ChÃ¢u, ÄÃ  Náºµng",56 tá»·,Máº¶T TIá»€N NGUYá»„N DU ÄÃ€ Náº´NG LÃ” GÃ“C 405M2 NGANG 9.5M Cáº¦N BÃN NHANH.,"405 m
2",https://alonhadat.com.vn/mat-tien-nguyen-du-da-nang-lo-goc-405m2-ngang-9-5m-can-ban-nhanh--15328376.html,15328376,_,Cáº§n bÃ¡n,10m,NhÃ  máº·t tiá»n,Sá»• há»“ng/ Sá»• Ä‘á»,,45m,1,3
13,"ÄÆ°á»ng Nguyá»…n Kiá»‡m, PhÆ°á»ng 9, Quáº­n PhÃº Nhuáº­n, Há»“ ChÃ­ Minh","4,2 tá»·","Gáº¥p chá»‰ vá»›i 4 tá»· 2 cÃ³ ngay nhÃ  Nguyá»…n Kiá»‡m, 72m2 , háº»m xe hÆ¡i , dÃ¢n cÆ° Ä‘Ã´ng Ä‘Ãºc , SHR","72 m
2",https://alonhadat.com.vn/gap-chi-voi-4-ty-2-co-ngay-nha-nguyen-kiem-72m2-hem-xe-hoi-dan-cu-dong-duc-shr-15381612.html,15381612,_,Cáº§n bÃ¡n,5m,NhÃ  trong háº»m,Sá»• há»“ng/ Sá»• Ä‘á»,5m,,4,4
14,"ÄÆ°á»ng Nguyá»…n ThÃ¡i SÆ¡n, PhÆ°á»ng 3, Quáº­n GÃ² Váº¥p, Há»“ ChÃ­ Minh","2,9 tá»·","BÃ¡n nhÃ  Ä‘ang cho thuÃª 13tr/ thÃ¡ng ngay Nguyá»…n ThÃ¡i SÆ¡n, GÃ² Váº¥p. GiÃ¡: 2.9 tá»·/62m2, sá»• riÃªng","62 m
2",https://alonhadat.com.vn/ban-nha-dang-cho-thue-13tr-thang-ngay-nguyen-thai-son-go-vap-gia-2-9-ty-62m2-so-rieng-15383349.html,15383349,_,Cáº§n bÃ¡n,5m,NhÃ  trong háº»m,Sá»• há»“ng/ Sá»• Ä‘á»,4m,15m,3,4
15,"ÄÆ°á»ng NghiÃªm XuÃ¢n YÃªm, PhÆ°á»ng Thanh TrÃ¬, Quáº­n HoÃ ng Mai, HÃ  Ná»™i",46 tá»·,Máº¶T PHá» NGHIÃŠM XUÃ‚N YÃŠM - HOÃ€NG MAI- 2 Máº¶T TIá»€N -KINH DOANH- DT 117m2- GIÃ 46 tá»·,"117 m
2",https://alonhadat.com.vn/mat-pho-nghiem-xuan-yem-hoang-mai-2-mat-tien-kinh-doanh-dt-117m2-gia-46-ty-15406643.html,15406643,_,Cáº§n bÃ¡n,10m,NhÃ  máº·t tiá»n,Sá»• há»“ng/ Sá»• Ä‘á»,,,4,4
16,"ÄÆ°á»ng XÃ´ Viáº¿t Nghá»‡ TÄ©nh, PhÆ°á»ng 21, Quáº­n BÃ¬nh Tháº¡nh, Há»“ ChÃ­ Minh","2,29 tá»·","ğŸ”¥Gáº¤P Gáº¤P Gáº¤P | BÃ¡n gáº¥p nhÃ  XÃ´ Viáº¿t Nghá»‡ TÄ©nh, P21, BÃ¬nh Tháº¡nhğŸ”¥2,290 Tá»·/43m2 | SHRğŸ”¥","43 m
2",https://alonhadat.com.vn/-gap-gap-gap-ban-gap-nha-xo-viet-nghe-tinh-p21-binh-thanh-2-290-ty-43m2-shr--15405632.html,15405632,_,Cáº§n bÃ¡n,4m,NhÃ  trong háº»m,Sá»• há»“ng/ Sá»• Ä‘á»,,12m,2,3
17,"ÄÆ°á»ng BÃ¹i Thá»‹ XuÃ¢n, PhÆ°á»ng 3, Quáº­n TÃ¢n BÃ¬nh, Há»“ ChÃ­ Minh","2,15 tá»·","ğŸ”¥NHÃ€ NGá»˜P GIÃ Ráºº | BÃ™I THá»Š XUÃ‚N, P3, TÃ‚N BÃŒNHğŸ”¥2,150 Tá»¶/43M2, SHRğŸ”¥","43 m
2",https://alonhadat.com.vn/-nha-ngop-gia-re-bui-thi-xuan-p3-tan-binh-2-150-ty-43m2-shr--15405825.html,15405825,_,Cáº§n bÃ¡n,4m,NhÃ  trong háº»m,Sá»• há»“ng/ Sá»• Ä‘á»,,,2,4
18,"ÄÆ°á»ng Sá»‘ 4, PhÆ°á»ng 5, Quáº­n GÃ² Váº¥p, Há»“ ChÃ­ Minh","2,58 tá»·","ğŸ”¥ Há»¥t vá»‘n bÃ¡n gáº¥p ÄÆ¯á»œNG Sá» 4, PHÆ¯á»œNG 5, GÃ’ Váº¤P. DT 59m2 GiÃ¡ 2,580 Tá»· | SHRğŸ”¥","59 m
2",https://alonhadat.com.vn/-hut-von-ban-gap-duong-so-4-phuong-5-go-vap-dt-59m2-gia-2-580-ty-shr--15406401.html,15406401,_,Cáº§n bÃ¡n,,NhÃ  trong háº»m,Sá»• há»“ng/ Sá»• Ä‘á»,,,2,3
19,"ÄÆ°á»ng LÃª Äá»©c Thá», PhÆ°á»ng 6, Quáº­n GÃ² Váº¥p, Há»“ ChÃ­ Minh","3,85 tá»·","ğŸ”¥ BÃN NHÃ€ GIÃ Ráºº ğŸ”¥LÃª Äá»©c Thá», phÆ°á»ng 6, GÃ² Váº¥p | 3850 Tá»¶/57M2, SHRğŸ”¥","57 m
2",https://alonhadat.com.vn/-ban-nha-gia-re-le-duc-tho-phuong-6-go-vap-3850-ty-57m2-shr--15412585.html,15412585,_,Cáº§n bÃ¡n,5m,NhÃ  trong háº»m,Sá»• há»“ng/ Sá»• Ä‘á»,,,2,3
20,"ÄÆ°á»ng TÃ´ Ngá»c VÃ¢n, PhÆ°á»ng Linh ÄÃ´ng, ThÃ nh phá»‘ Thá»§ Äá»©c, Há»“ ChÃ­ Minh","3,9 tá»·","ChÃ­nh chá»§ giáº£m 200 triá»‡u. NhÃ  DTSD 100M. CÃ²n 3 tá»· 900, 155/ 2 TÃ´ Ngá»c VÃ¢n, TP Thá»§ Äá»©c","100 m
2",https://alonhadat.com.vn/chinh-chu-giam-200-trieu-nha-dtsd-100m-con-3-ty-900-155-2-to-ngoc-van-tp-thu-duc-15073399.html,15073399,_,Cáº§n bÃ¡n,,NhÃ  trong háº»m,Sá»• há»“ng/ Sá»• Ä‘á»,6m,,1,3
21,"ÄÆ°á»ng Sá»‘ 8, PhÆ°á»ng Linh TÃ¢y, ThÃ nh phá»‘ Thá»§ Äá»©c, Há»“ ChÃ­ Minh","7,72 tá»·","CHÃNH CHá»¦ BÃN NHÃ€ TRá»Œ 119M2 GIÃ 7 Tá»¶ 720 ÄÆ¯á»œNG 8, P.LINH TÃ‚Y, TP THá»¦ Äá»¨C (Äá»ŠA CHá»ˆ CÅ¨ 15/4)","160 m
2",https://alonhadat.com.vn/chinh-chu-ban-nha-3-2-duong-8-p-linh-tay-tp-thu-duc-dia-chi-cu-15-4--15361342.html,15361342,_,Cáº§n bÃ¡n,,NhÃ  trong háº»m,,,,1,
22,"ÄÆ°á»ng BÃ¹i VÄƒn ThÃªm, PhÆ°á»ng 9, Quáº­n PhÃº Nhuáº­n, Há»“ ChÃ­ Minh","3,28 tá»·","NHÃ€ NGá»˜P NGAY Máº¶T TIá»€N ÄÆ¯á»œNG BÃ™I VÄ‚N THÃŠM PHÆ¯á»œNG 9 QUáº¬N PHÃš NHUáº¬N. DT: 45,6m2 GiÃ¡: 3Tá»·280","46 m
2",https://alonhadat.com.vn/nha-ngop-ngay-mat-tien-duong-bui-van-them-phuong-9-quan-phu-nhuan-dt-45-6m2-gia-3ty280-15412580.html,15412580,_,Cáº§n bÃ¡n,6m,NhÃ  trong háº»m,Sá»• há»“ng/ Sá»• Ä‘á»,4m,11m,2,3
23,"ÄÆ°á»ng Tráº§n Thá»‹ Cá», PhÆ°á»ng Thá»›i An, Quáº­n 12, Há»“ ChÃ­ Minh","2,46 tá»·","BÃ¡n nhÃ  Ä. Tráº§n Thá»‹ Cá», P. Thá»›i An, Quáº­n 12.GiÃ¡: 2 tá»· 460. DT: 46,5m2. Háº»m xe hÆ¡i. SHR","46 m
2",https://alonhadat.com.vn/ban-nha-d-tran-thi-co-p-thoi-an-quan-12-gia-2-ty-460-dt-46-5m2-hem-xe-hoi-shr-15295855.html,15295855,_,Cáº§n bÃ¡n,4m,NhÃ  trong háº»m,Sá»• há»“ng/ Sá»• Ä‘á»,,,2,3
24,"ÄÆ°á»ng Pháº¡m Cá»± LÆ°á»£ng, PhÆ°á»ng 2, Quáº­n TÃ¢n BÃ¬nh, Há»“ ChÃ­ Minh","2,85 tá»·","SiÃªu pháº©m nhÃ  Ä‘áº¹p! Háº»m Ã´tÃ´ Pháº¡m Cá»± LÆ°á»£ng, P. 2, TÃ¢n BÃ¬nh.GiÃ¡:2tá»·850. DT:58,5m2. SHR.","58 m
2",https://alonhadat.com.vn/sieu-pham-nha-dep-hem-oto-pham-cu-luong-p-2-tan-binh-gia-2ty850-dt-58-5m2-shr--15388846.html,15388846,_,Cáº§n bÃ¡n,4m,NhÃ  trong háº»m,Sá»• há»“ng/ Sá»• Ä‘á»,,13m,3,5
25,"ÄÆ°á»ng Gia PhÃº, PhÆ°á»ng 1, Quáº­n 6, Há»“ ChÃ­ Minh","1,35 tá»·","BÃ¡n nhÃ  háº»m xe hÆ¡i 1T/1L Ä. Gia PhÃº, P.1, Q.6. GiÃ¡:1tá»·350. DT:35m2, SHR.","35 m
2",https://alonhadat.com.vn/ban-nha-hem-xe-hoi-1t-1l-d-gia-phu-p-1-q-6-gia-1ty350-dt-35m2-shr--15388915.html,15388915,_,Cáº§n bÃ¡n,4m,NhÃ  trong háº»m,Sá»• há»“ng/ Sá»• Ä‘á»,,10m,1,2
26,"ÄÆ°á»ng ÄoÃ n VÄƒn BÆ¡, PhÆ°á»ng 13, Quáº­n 4, Há»“ ChÃ­ Minh","2,14 tá»·","Káº¹t tiá»n giáº£m giÃ¡ bÃ¡n nhanh cÄƒn nhÃ  HXH Ä. ÄoÃ n VÄƒn BÆ¡, P.13, Q.4.GiÃ¡2tá»·140. DT: 41,4m2.","41 m
2",https://alonhadat.com.vn/ket-tien-giam-gia-ban-nhanh-can-nha-hxh-d-doan-van-bo-p-13-q-4-gia2ty140-dt-41-4m2--15388932.html,15388932,_,Cáº§n bÃ¡n,4m,NhÃ  trong háº»m,Sá»• há»“ng/ Sá»• Ä‘á»,,,1,2
27,"751 ÄÆ°á»ng BÃ¡t Khá»‘i, PhÆ°á»ng Cá»± Khá»‘i, Quáº­n Long BiÃªn, HÃ  Ná»™i","4,25 tá»·",BÃ¡n nhÃ  BÃ¡t Khá»‘i 31m 4 táº§ng khu dÃ¢n trÃ­ cao cáº¡nh cÃ´ng an phÆ°á»ng,"31 m
2",https://alonhadat.com.vn/ban-nha-bat-khoi-31m-4-tang-khu-dan-tri-cao-canh-cong-an-phuong-15399014.html,15399014,_,Cáº§n bÃ¡n,3m,NhÃ  trong háº»m,Sá»• há»“ng/ Sá»• Ä‘á»,,,3,4
28,"ÄÆ°á»ng Tráº§n KhÃ¡t ChÃ¢n, PhÆ°á»ng Thanh NhaÌ€n, Quáº­n Hai BÃ  TrÆ°ng, HÃ  Ná»™i",57 tá»·,"BÃ¡n nhÃ  máº·t phá»‘ Tráº§n KhÃ¡t ChÃ¢n, máº·t tiá»n 7.45m, 105m2 chá»‰ 57 tá»·","105 m
2",https://alonhadat.com.vn/ban-nha-mat-pho-tran-khat-chan-mat-tien-7-45m-105m2-chi-57-ty-15405870.html,15405870,_,Cáº§n bÃ¡n,17m,NhÃ  máº·t tiá»n,,,,7,3
29,"ÄÆ°á»ng Trá»‹nh NhÆ° KhuÃª, XÃ£ BÃ¬nh ChÃ¡nh, Huyá»‡n BÃ¬nh ChÃ¡nh, Há»“ ChÃ­ Minh",630 triá»‡u,"ğŸ€BÃ¡n gáº¥p nhÃ  NGAY CHá»¢ BÃŒNH CHÃNH Ä‘ang cho thuÃª 7,5tr/th-120m2-630tr","120 m
2",https://alonhadat.com.vn/-ban-gap-nha-ngay-cho-binh-chanh-dang-cho-thue-7-5tr-th-120m2-630tr-15300231.html,15300231,_,Cáº§n bÃ¡n,8m,NhÃ  máº·t tiá»n,Sá»• há»“ng/ Sá»• Ä‘á»,6m,20m,1,3
30,"ÄÆ°á»ng Phan VÄƒn Trá»‹, PhÆ°á»ng 12, Quáº­n BÃ¬nh Tháº¡nh, Há»“ ChÃ­ Minh","19,5 tá»·",â€¼ï¸LÃ” GÃ“C 117M2 - ğŸ€Máº¶T TIá»€N KHU Sáº¦M Uáº¤T - PHAN VÄ‚N TRá»Š - BÃ™I ÄÃŒNH TUÃ - 20Tá»¶ âœï¸ Há»¢P TÃC MG,"117 m
2",https://alonhadat.com.vn/-lo-goc-117m2-mat-tien-khu-sam-uat-phan-van-tri-bui-dinh-tuy-20ty-hop-tac-mg-14942465.html,14942465,_,Cáº§n bÃ¡n,5m,NhÃ  máº·t tiá»n,Sá»• há»“ng/ Sá»• Ä‘á»,,23m,2,5
31,"ÄÆ°á»ng Nguyá»…n VÄƒn Äáº­u, PhÆ°á»ng 5, Quáº­n BÃ¬nh Tháº¡nh, Há»“ ChÃ­ Minh","6,75 tá»·","(BÃŒNH THáº NH) BÃ¡n nhÃ  phÆ°á»ng 5 Quáº­n BÃ¬nh Tháº¡nh GiÃ¡ Chá»‰ 6,75 Triá»‡u","39 m
2",https://alonhadat.com.vn/-binh-thanh-ban-nha-phuong-5-quan-binh-thanh-gia-chi-6-75-trieu-15403491.html,15403491,_,Cáº§n bÃ¡n,5m,NhÃ  trong háº»m,Sá»• há»“ng/ Sá»• Ä‘á»,4m,10m,3,4
32,"Phá»‘ Bá»“ Äá», PhÆ°á»ng Bá»“ Äá», Quáº­n Long BiÃªn, HÃ  Ná»™i","12,48 tá»·","BÃN NHÃ€ 6 Táº¦NG THANG MÃY PHá» Bá»’ Äá»€- NGUYá»„N VÄ‚N Cá»ª, Ã” TÃ” VÃ€O NHÃ€, DT: 50M, GIÃ: 12,48 Tá»¶","50 m
2",https://alonhadat.com.vn/ban-nha-6-tang-thang-may-pho-bo-de-nguyen-van-cu-o-to-vao-nha-dt-50m-gia-12-48-ty-15389932.html,15389932,_,Cáº§n bÃ¡n,4m,NhÃ  trong háº»m,Sá»• há»“ng/ Sá»• Ä‘á»,,11m,6,3
33,"ÄÆ°á»ng Äinh Äá»©c Thiá»‡n, XÃ£ TÃ¢n QuÃ½ TÃ¢y, Huyá»‡n BÃ¬nh ChÃ¡nh, Há»“ ChÃ­ Minh","1,5 tá»·","BÃ¡n NhÃ  CÃ¡ch Chá»£ BÃ¬nh ChÃ¡nh 3km . GÃ­a 100% KhÃ´ng PhÃ¡t Sinh ThÃªm , Sá»• Há»“ng RiÃªng .","110 m
2",https://alonhadat.com.vn/ban-nha-cach-cho-binh-chanh-3km-gia-100-khong-phat-sinh-them-so-hong-rieng--15394533.html,15394533,_,Cáº§n bÃ¡n,8m,NhÃ  máº·t tiá»n,Sá»• há»“ng/ Sá»• Ä‘á»,5m,22m,1,3
34,"ÄÆ°á»ng Nguyá»…n VÄƒn LÆ°á»£ng, PhÆ°á»ng 17, Quáº­n GÃ² Váº¥p, Há»“ ChÃ­ Minh","3,948 tá»·",Gáº¤P bÃ¡n nhÃ  chÃ­nh chá»§ xÃ¢y á»Ÿ Ä‘Ãºc kiÃªn cá»‘ 5 táº§ng 3PN 4WC háº»m Ä‘áº¹p á»Ÿ Nguyá»…n VÄƒn LÆ°á»£ng GÃ² Váº¥p,"33 m
2",https://alonhadat.com.vn/gap-ban-nha-chinh-chu-xay-o-duc-kien-co-5-tang-3pn-4wc-hem-dep-o-nguyen-van-luong-go-vap-15411338.html,15411338,_,Cáº§n bÃ¡n,2m,NhÃ  trong háº»m,Sá»• há»“ng/ Sá»• Ä‘á»,,5m,4,3
35,"16 ÄÆ°á»ng Äá»‹nh CÃ´ng ThÆ°á»£ng, PhÆ°á»ng Äá»‹nh CÃ´ng, Quáº­n HoÃ ng Mai, HÃ  Ná»™i","9,8 tá»·","BÃ¡n NhÃ  Äá»‹nh CÃ´ng ThÆ°á»£ng HoÃ ng Mai Äáº§u VÅ© TÃ´ng Phan 9,8 tá»·","63 m
2",https://alonhadat.com.vn/ban-nha-dinh-cong-thuong-hoang-mai-dau-vu-tong-phan-nhinh-10-ty-15295024.html,15295024,_,Cáº§n bÃ¡n,5m,NhÃ  trong háº»m,Sá»• há»“ng/ Sá»• Ä‘á»,4m,15m,4,5
36,"ÄÆ°á»ng Nguyá»…n VÄƒn Linh, PhÆ°á»ng Tháº¡ch BÃ n, Quáº­n Long BiÃªn, HÃ  Ná»™i","8,88 tá»·","BÃN NHÃ€ DÃ‚N XÃ‚Y, 48m2, Kinh doanh, 6 táº§ng, Gara, Thang mÃ¡y, Ã´ tÃ´ trÃ¡nh, gáº§n Aeon Long BiÃªn","48 m
2",https://alonhadat.com.vn/ban-nha-dan-xay-48m2-kinh-doanh-6-tang-gara-thang-may-o-to-tranh-gan-aeon-long-bien-15344584.html,15344584,_,Cáº§n bÃ¡n,5m,NhÃ  trong háº»m,Sá»• há»“ng/ Sá»• Ä‘á»,,,6,4
37,"ÄÆ°á»ng Huá»³nh Ngá»c Huá»‡, PhÆ°á»ng HÃ²a KhÃª, Quáº­n Thanh KhÃª, ÄÃ  Náºµng","5,5 tá»·",Sá»¤P Háº¦M ! Chá»§ giáº£m ngay 1 Tá»¶: NHÃ€ Máº¶T TIá»€N HUá»²NH NGá»ŒC HUá»† - 48mÂ² ngang 4m - 3 Táº¦NG,"48 m
2",https://alonhadat.com.vn/sup-ham-chu-giam-ngay-1-ty-nha-mat-tien-huynh-ngoc-hue-48m-ngang-4m-3-tang-15343889.html,15343889,_,Cáº§n bÃ¡n,10m,NhÃ  máº·t tiá»n,Sá»• há»“ng/ Sá»• Ä‘á»,4m,12m,2,3
38,"ÄÆ°á»ng BÃ¹i Thanh Khiáº¿t, ThiÌ£ trÃ¢Ìn TÃ¢n TÃºc, Huyá»‡n BÃ¬nh ChÃ¡nh, Há»“ ChÃ­ Minh",750 triá»‡u,"NhÃ  1 trá»‡t 1 láº§u, 100m2 - GiÃ¡ 750 triá»‡u - SHR - Chá»£ BÃ¬nh ChÃ¡nh - Ä‘Æ°á»ng BÃ¹i Thanh Khiáº¿t","100 m
2",https://alonhadat.com.vn/nha-1-tret-1-lau-100m2-gia-750-trieu-shr-cho-binh-chanh-duong-bui-thanh-khiet-15391055.html,15391055,_,Cáº§n bÃ¡n,12m,NhÃ  máº·t tiá»n,,5m,20m,3,3
39,"ÄÆ°á»ng Há»“ BÃ¡ Kiá»‡n, PhÆ°á»ng 15, Quáº­n 10, Há»“ ChÃ­ Minh",17 tá»·,Hai Máº·t Tiá»n Há»“ BÃ¡ Kiá»‡n Q10 ( 4.7 * 16 ) 2 láº§u 17 Tá»·,"75 m
2",https://alonhadat.com.vn/hai-mat-tien-ho-ba-kien-q10-4-7-16-2-lau-17-ty-15410189.html,15410189,_,Cáº§n bÃ¡n,16m,NhÃ  máº·t tiá»n,Sá»• há»“ng/ Sá»• Ä‘á»,,16m,2,4
40,"ÄÆ°á»ng TÃ¢n XuÃ¢n 6, XÃ£ TÃ¢n XuÃ¢n, Huyá»‡n HÃ³c MÃ´n, Há»“ ChÃ­ Minh",720 triá»‡u,ChÃº tÃ´i cáº§n bÃ¡n gáº¥p nhÃ  cáº¥p 4 siÃªu Ä‘áº¹p á»Ÿ TÃ¢n XuÃ¢n 6 ( sá»• há»“ng riÃªng ) giÃ¡ 720 triá»‡u,"62 m
2",https://alonhadat.com.vn/chu-toi-can-ban-gap-nha-cap-4-sieu-dep-o-tan-xuan-6-so-hong-rieng-gia-720-trieu-15409639.html,15409639,_,Cáº§n bÃ¡n,6m,NhÃ  trong háº»m,Sá»• há»“ng/ Sá»• Ä‘á»,,17m,,2
41,"ÄÆ°á»ng TrÆ°á»ng Sa, PhÆ°á»ng 2, Quáº­n PhÃº Nhuáº­n, Há»“ ChÃ­ Minh","2,5 tá»·","CHá»¦ Äá»ŠNH CÆ¯ BÃN Gáº¤P Sáº¢N PHáº¨M GIÃ Tá»T ! ÄÆ¯á»œNG TRÆ¯á»œNG SA-PN, GIÃ 2Tá»¶5, BAO Sá»”, DT: 40,2M2","40 m
2",https://alonhadat.com.vn/chu-dinh-cu-ban-gap-san-pham-gia-tot-den-tu-quan-phu-nhuan-gia-2ty5-bao-so-dt-40-2m2-15405245.html,15405245,_,Cáº§n bÃ¡n,5m,NhÃ  trong háº»m,Sá»• há»“ng/ Sá»• Ä‘á»,4m,,2,3
42,"11 Phá»‘ HoÃ ng VÄƒn ThÃ¡i, PhÆ°á»ng KhÆ°Æ¡ng Mai, Quáº­n Thanh XuÃ¢n, HÃ  Ná»™i","22,45 tá»·",PHÃ‚N LÃ” Ã” TÃ” TRÃNH - Máº¶T NGÃ• THÃ”NG - KINH DOANH VP,"70 m
2",https://alonhadat.com.vn/phan-lo-o-to-tranh-mat-ngo-thong-kinh-doanh-vp-15408476.html,15408476,_,Cáº§n bÃ¡n,10m,NhÃ  trong háº»m,Sá»• há»“ng/ Sá»• Ä‘á»,5m,14m,5,6
