Address,Square,Title,Link,MÃ£ tin,HÆ°á»›ng,Loáº¡i tin,ÄÆ°á»ng trÆ°á»›c nhÃ ,Loáº¡i BDS,PhÃ¡p lÃ½,Chiá»u ngang,Chiá»u dÃ i,Sá»‘ láº§u,Sá»‘ phÃ²ng ngá»§,Price
"Phá»‘ DÆ°Æ¡ng ÄÃ¬nh Nghá»‡, PhÆ°á»ng YÃªn HÃ²a, Quáº­n Cáº§u Giáº¥y, HÃ  Ná»™i",4500m,ChÃ­nh Chá»§ nhÆ°á»£ng láº¡i toÃ  vÄƒn phÃ²ng háº¡ng A phá»‘ DÆ°Æ¡ng ÄÃ¬nh Nghá»‡ Cáº§u Giáº¥y 4500m2x26T,https://123nhadatviet.com/chinh-chu-nhuong-lai-toa-van-phong-hang-a-pho-duong-dinh-nghe-cau-giay-4500m2x26t-4612747.html,4612747,_,Cáº§n bÃ¡n,,VÄƒn phÃ²ng,Giáº¥y tá» há»£p lá»‡,,,26,24,173 tá»·
"Phá»‘ PhÃ¡o ÄÃ i LÃ¡ng, PhÆ°á»ng LaÌng ThÆ°Æ¡Ì£ng, Quáº­n Äá»‘ng Äa, HÃ  Ná»™i",75m,ChÃ­nh chá»§ cáº§n bÃ¡n cÄƒn nhÃ  vÄƒn phÃ²ng á»Ÿ Phá»‘ PhÃ¡o ÄÃ i LÃ¡ng Äá»‘ng Äa 75m2x7T nhá»‰nh hÆ¡n 22 tá»·,https://123nhadatviet.com/chinh-chu-can-ban-can-nha-van-phong-o-pho-phao-dai-lang-dong-da-75m2x6t-nhinh-hon-17-ty-3520846.html,3520846,_,Cáº§n bÃ¡n,,NhÃ  phá»‘,Sá»• há»“ng/ Sá»• Ä‘á»,,,7,10,"22,5 tá»·"
"ÄÆ°á»ng Quá»‘c lá»™ 61, Thá»‹ tráº¥n Minh LÆ°Æ¡ng, Huyá»‡n ChÃ¢u ThÃ nh, KiÃªn Giang",103m,"BÃ¡n ná»n sá»• sáºµn 103m2 , gáº§n chá»£ .",https://123nhadatviet.com/ban-nen-so-san-103m2-gan-cho--6871019.html,6871019,ÄÃ´ng,Cáº§n bÃ¡n,12m,,Sá»• há»“ng/ Sá»• Ä‘á»,5m,20m,,,450 triá»‡u
"ÄÆ°á»ng Äá»— Quang, PhÆ°á»ng Trung HÃ²a, Quáº­n Cáº§u Giáº¥y, HÃ  Ná»™i",70m,ChÃ­nh chá»§ bÃ¡n nhÃ  phÃ¢n lÃ´ ngÃµ 26 Äá»— Quang Cáº§u Giáº¥y 70m2x7T nhá»‰nh hÆ¡n 34 tá»·,https://123nhadatviet.com/chinh-chu-ban-nha-phan-lo-ngo-26-do-quang-cau-giay-70m2x7t-nhinh-hon-34-ty-6613659.html,6613659,_,Cáº§n bÃ¡n,,NhÃ  riÃªng,Sá»• há»“ng/ Sá»• Ä‘á»,,,7,7,35 tá»·
"Phá»‘ ThÃ¡i HÃ , PhÆ°á»ng Trung LiÃªÌ£t, Quáº­n Äá»‘ng Äa, HÃ  Ná»™i",65m,ChÃ­nh chá»§ cáº§n bÃ¡n cÄƒn nhÃ  á»Ÿ ngÃµ 151A ThÃ¡i HÃ  Äá»‘ng Äa 65m2x5T nhá»‰nh hÆ¡n 10 tá»·,https://123nhadatviet.com/chinh-chu-can-ban-can-nha-o-ngo-151a-thai-ha-dong-da-65m2x5t-nhinh-hon-7-ty-3395601.html,3395601,_,Cáº§n bÃ¡n,,NhÃ  riÃªng,Sá»• há»“ng/ Sá»• Ä‘á»,,,5,7,10 ngÃ n
"Phá»‘ Nguyá»…n ÄÃ¬nh HoÃ n, PhÆ°á»ng NghÄ©a ÄÃ´, Quáº­n Cáº§u Giáº¥y, HÃ  Ná»™i",62m,ChÃ­nh bÃ¡n nhÃ  máº·t phá»‘ Kinh doanh Ä‘á»‰nh phá»‘ Nguyá»…n ÄÃ¬nh HoÃ n Cáº§u Giáº¥y 62m2x6T nhá»‰nh hÆ¡n 22 á»·,https://123nhadatviet.com/chinh-ban-nha-mat-pho-kinh-doanh-dinh-pho-nguyen-dinh-hoan-cau-giay-62m2x6t-nhinh-hon-22-y-4824998.html,4824998,_,Cáº§n bÃ¡n,,NhÃ  phá»‘,Sá»• há»“ng/ Sá»• Ä‘á»,,,6,10,"22,6 tá»·"
"ÄÆ°á»ng Nguyá»…n Thá»‹ Äá»‹nh, PhÆ°á»ng Trung HÃ²a, Quáº­n Cáº§u Giáº¥y, HÃ  Ná»™i",75m,ChÃ­nh chá»§ bÃ¡n nhÃ  phÃ¢n lÃ´ vá»‰a hÃ¨ ngÃµ 30 Nguyá»…n Thá»‹ Äá»‹nh Cáº§u Giáº¥y 75m2x5T nhá»‰nh hÆ¡n 23 tá»·,https://123nhadatviet.com/chinh-chu-ban-nha-phan-lo-via-he-ngo-30-nguyen-thi-dinh-cau-giay-75m2x5t-nhinh-hon-23-ty-5746632.html,5746632,_,Cáº§n bÃ¡n,,NhÃ  riÃªng,Sá»• há»“ng/ Sá»• Ä‘á»,,,5,10,"23,7 tá»·"
"Phá»‘ Liá»…u Giai, PhÆ°á»ng Liá»…u Giai, Quáº­n Ba ÄÃ¬nh, HÃ  Ná»™i",50m,CHá»¦ NHÃ€ MUá»N BÃN NHÃ€ LIá»„U GIAI BA ÄÃŒNH 50M2-6 Táº¦NG-MT 6M-GIÃ CHÃ€O 14 Tá»¶-THÆ¯Æ NG LÆ¯á»¢NG,https://123nhadatviet.com/chu-nha-muon-ban-nha-lieu-giai-ba-dinh-50m2-6-tang-mt-6m-gia-chao-14-ty-thuong-luong-6871018.html,6871018,_,Cáº§n bÃ¡n,6m,NhÃ  riÃªng,Sá»• há»“ng/ Sá»• Ä‘á»,5m,,6,5,14 tá»·
"Phá»‘ NguyÃªn Há»“ng, PhÆ°á»ng LaÌng HaÌ£, Quáº­n Äá»‘ng Äa, HÃ  Ná»™i",48m,ChÃ­nh chá»§ bÃ¡n nhÃ  phÃ¢n lÃ´ ngÃµ 47 NguyÃªn Há»“ng Äá»‘ng Äa 48m2x5T nhá»‰nh hÆ¡n 14 tá»·,https://123nhadatviet.com/chinh-chu-ban-nha-phan-lo-ngo-47-nguyen-hong-dong-da-48m2x5t-nhinh-hon-14-ty-5694500.html,5694500,_,Cáº§n bÃ¡n,,NhÃ  riÃªng,Sá»• há»“ng/ Sá»• Ä‘á»,,,5,9,"14,4 tá»·"
"ÄÆ°á»ng Thá»‹nh Quang, PhÆ°á»ng NgaÌƒ TÆ° SÆ¡Ì‰, Quáº­n Äá»‘ng Äa, HÃ  Ná»™i",48m,"BÃ¡n nhÃ  ngÃµ Thá»‹nh Quang, DT 48m, 4 táº§ng, MT 5m, 8.5tá»·.",https://123nhadatviet.com/ban-nha-ngo-6-vinh-phuc-dt-200m-mt-10-5m-gia-23-5-ty-ngo-hon-2m--6437853.html,6437853,_,Cáº§n bÃ¡n,,NhÃ  riÃªng,,,,,,"8,5 tá»·"
"ÄÆ°á»ng Äá»— Quang, PhÆ°á»ng Trung HÃ²a, Quáº­n Cáº§u Giáº¥y, HÃ  Ná»™i",70m,ChÃ­nh chá»§ bÃ¡n toÃ  vÄƒn phÃ²ng nhá» á»Ÿ phá»‘ Äá»— Quang Cáº§u Giáº¥y 70m2x7T nhá»‰nh hÆ¡n 24 tá»·,https://123nhadatviet.com/chinh-chu-ban-toa-van-phong-nho-o-pho-do-quang-cau-giay-70m2x7t-nhinh-hon-20-ty-4250718.html,4250718,_,Cáº§n bÃ¡n,,VÄƒn phÃ²ng,Sá»• há»“ng/ Sá»• Ä‘á»,,,7,9,"24,7 tá»·"
"Phá»‘ ThÃ¡i HÃ , PhÆ°á»ng Trung LiÃªÌ£t, Quáº­n Äá»‘ng Äa, HÃ  Ná»™i",77m,ChÃ­nh chá»§ bÃ¡n nhÃ  2 thoÃ¡ng thang mÃ¡y ngÃµ 151b ThÃ¡i HÃ  Äá»‘ng Äa 77m2x7T nhá»‰nh hÆ¡n 22 tá»·,https://123nhadatviet.com/chinh-chu-can-ban-can-nha-ngo-117-thai-ha-dong-da-45m2x4t-nhinh-hon-9-ty-3349233.html,3349233,_,Cáº§n bÃ¡n,,NhÃ  phá»‘,Sá»• há»“ng/ Sá»• Ä‘á»,,,7,10,"22,9 tá»·"
"Phá»‘ ChÃ¹a Bá»™c, PhÆ°á»ng Trung LiÃªÌ£t, Quáº­n Äá»‘ng Äa, HÃ  Ná»™i",55m,ChÃ­nh chá»§ bÃ¡n cÄƒn nhÃ  máº·t phá»‘ ChÃ¹a Bá»™c Äá»‘ng Äa 55m2x5T nhá»‰nh hÆ¡n 30 tá»·,https://123nhadatviet.com/chinh-chu-ban-can-nha-mat-pho-chua-boc-dong-da-55m2x5t-nhinh-hon-30-ty-3804418.html,3804418,_,Cáº§n bÃ¡n,,NhÃ  phá»‘,Sá»• há»“ng/ Sá»• Ä‘á»,,,5,8,33 tá»·
"Phá»‘ Tráº§n Quang Diá»‡u, PhÆ°á»ng Ã” ChÆ¡Ì£ DÆ°Ì€a, Quáº­n Äá»‘ng Äa, HÃ  Ná»™i",48m,ChÃ­nh chá»§ bÃ¡n nhÃ  phÃ¢n lÃ´ ngÃµ 8 Tráº§n Quang Diá»‡u Äá»‘ng Äa 48m2x5T nhá»‰nh hÆ¡n 17 tá»·,https://123nhadatviet.com/chinh-chu-ban-nha-phan-lo-ngo-8-tran-quang-dieu-dong-da-48m2x5t-nhinh-hon-17-ty-6386146.html,6386146,_,Cáº§n bÃ¡n,,NhÃ  riÃªng,Sá»• há»“ng/ Sá»• Ä‘á»,,,5,9,"17,3 tá»·"
"ÄÆ°á»ng NgÃ´ ThÃ¬ Nháº­m, PhÆ°á»ng Quang Trung, Quáº­n HÃ  ÄÃ´ng, HÃ  Ná»™i",51m,ğŸ  BÃN Äáº¤T XÃ‚Y CCMN - NGÃ” THÃŒ NHáº¬M - NGÃ• Ã” TÃ” - 51MÂ² - 10.6 Tá»¶ ğŸ“ Háº±ng Mini 0988183187,https://123nhadatviet.com/-ban-dat-xay-ccmn-ngo-thi-nham-ngo-o-to-51m-10-6-ty-hang-mini-0988183187-6812721.html,6812721,_,Cáº§n bÃ¡n,,,Sá»• há»“ng/ Sá»• Ä‘á»,,,,,"10,6 tá»·"
"Phá»‘ Phan VÄƒn TrÆ°á»ng, PhÆ°á»ng Dá»‹ch Vá»ng Háº­u, Quáº­n Cáº§u Giáº¥y, HÃ  Ná»™i",99m,ChÃ­nh chá»§ bÃ¡n toÃ  vÄƒn phÃ²ng thÃ´ng sá»‘ phong thuá»· phá»‘ Pháº¡m VÄƒn TrÆ°á»ng Cáº§u Giáº¥y 99m2x9T,https://123nhadatviet.com/chinh-chu-ban-toa-van-phong-thong-so-phong-thuy-pho-pham-van-truong-cau-giay-99m2x9t-5744116.html,5744116,_,Cáº§n bÃ¡n,,VÄƒn phÃ²ng,Sá»• há»“ng/ Sá»• Ä‘á»,,,9,9,"69,99 tá»·"
"Phá»‘ XÃ£ ÄÃ n, PhÆ°á»ng PhÆ°Æ¡ng LiÃªn, Quáº­n Äá»‘ng Äa, HÃ  Ná»™i",170m,ChÃ­nh chá»§ bÃ¡n nhÃ  máº·t phá»‘ XÃ£ ÄÃ n Äá»‘ng Äa 170m2x5T nhá»‰nh hÆ¡n 119 tá»·,https://123nhadatviet.com/chinh-chu-ban-nha-mat-pho-xa-dan-dong-da-170m2x5t-nhinh-hon-119-ty-6079272.html,6079272,_,Cáº§n bÃ¡n,,NhÃ  phá»‘,Sá»• há»“ng/ Sá»• Ä‘á»,,,5,8,"119,8 tá»·"
"Phá»‘ Trung KÃ­nh, PhÆ°á»ng YÃªn HÃ²a, Quáº­n Cáº§u Giáº¥y, HÃ  Ná»™i",100m,ChÃ­nh chá»§ bÃ¡n toÃ  VÄƒn PhÃ²ng máº·t phá»‘ Trung KÃ­nh Cáº§u Giáº¥y 100m2x6T nhá»‰nh hÆ¡n 70 tá»·,https://123nhadatviet.com/chinh-chu-ban-toa-van-phong-mat-pho-trung-kinh-cau-giay-100m2x6t-nhinh-hon-70-ty-4530098.html,4530098,_,Cáº§n bÃ¡n,,VÄƒn phÃ²ng,Sá»• há»“ng/ Sá»• Ä‘á»,,,6,6,71 tá»·
"ÄÆ°á»ng Nguyá»…n TÃ´ng Quai, PhÆ°á»ng Tráº§n LÃ£m, ThÃ nh phá»‘ ThÃ¡i BÃ¬nh, ThÃ¡i BÃ¬nh",185m,"BÃN NHÃ€ 3 Táº¦NG, TÄC TRáº¦N LÃƒM, TP. THÃI BÃŒNH, 185M2, THÃCH Há»¢P KINH DOANH",https://123nhadatviet.com/ban-nha-3-tang-tdc-tran-lam-tp-thai-binh-185m2-thich-hop-kinh-doanh-6871020.html,6871020,_,Cáº§n bÃ¡n,6m,NhÃ  phá»‘,Sá»• há»“ng/ Sá»• Ä‘á»,16m,12m,3,,12 tá»·
"Phá»‘ Tuá»‡ TÄ©nh, PhÆ°á»ng LÃª ÄaÌ£i HaÌ€nh, Quáº­n Hai BÃ  TrÆ°ng, HÃ  Ná»™i",189m,"Cá»±c Vip! BÃ¡n NhÃ  Máº·t Phá»‘ Tuá»‡ TÄ©nh, Hai BÃ  TrÆ°ng 189m2, GiÃ¡ SiÃªu Ráº» Chá»‰ 422tr/m",https://123nhadatviet.com/cuc-vip-ban-nha-mat-pho-tue-tinh-hai-ba-trung-189m2-gia-sieu-re-chi-422tr-m-6429753.html,6429753,_,Cáº§n bÃ¡n,15m,VÄƒn phÃ²ng,Sá»• há»“ng/ Sá»• Ä‘á»,,,5,10,80 tá»·
"ÄÆ°á»ng Tráº§n ThÃ¡i TÃ´ng, PhÆ°á»ng Dá»‹ch Vá»ng Háº­u, Quáº­n Cáº§u Giáº¥y, HÃ  Ná»™i",130m,ChÃ­nh chá»§ bÃ¡n toÃ  vÄƒn phÃ²ng phá»‘ Tráº§n ThÃ¡i TÃ´ng Cáº§u Giáº¥y 130m2x7T nhá»‰nh hÆ¡n 60 tá»·,https://123nhadatviet.com/chinh-chu-ban-toa-van-phong-pho-tran-thai-tong-cau-giay-130m2x7t-nhinh-hon-40-ty-3583133.html,3583133,_,Cáº§n bÃ¡n,,VÄƒn phÃ²ng,Sá»• há»“ng/ Sá»• Ä‘á»,,,7,7,68 tá»·
"XÃ£ KhÃ¡nh PhÃº, Huyá»‡n KhÃ¡nh VÄ©nh, KhÃ¡nh HÃ²a",4600m,"bÃ¡n Ä‘áº¥t Ä‘Æ°á»ng betong oto rá»™ng 4.600m giÃ¡ chá»‰ 450tr xÃ£ KhÃ¡nh PhÃº, KhÃ¡nh VÄ©nh",https://123nhadatviet.com/ban-dat-duong-betong-oto-rong-4-600m-gia-chi-450tr-xa-khanh-phu-khanh-vinh-6737962.html,6737962,_,Cáº§n bÃ¡n,7m,,Sá»• há»“ng/ Sá»• Ä‘á»,,,,,450 triá»‡u
"ÄÆ°á»ng HoÃ ng Quá»‘c Viá»‡t, PhÆ°á»ng NghÄ©a ÄÃ´, Quáº­n Cáº§u Giáº¥y, HÃ  Ná»™i",85m,ChÃ­nh chá»§ cáº§n bÃ¡n nhÃ  máº·t phá»‘ HoÃ ng Quá»‘c Viá»‡t Cáº§u Giáº¥y 85m2x6T nhá»‰nh hÆ¡n 32 tá»·,https://123nhadatviet.com/chinh-chu-can-ban-nha-mat-pho-hoang-quoc-viet-cau-giay-85m2x6t-nhinh-hon-32-ty-4701639.html,4701639,_,Cáº§n bÃ¡n,,NhÃ  phá»‘,Sá»• há»“ng/ Sá»• Ä‘á»,,,6,8,32 tá»·
"Phá»‘ TÃ´n Äá»©c Tháº¯ng, PhÆ°á»ng HaÌ€ng BÃ´Ì£t, Quáº­n Äá»‘ng Äa, HÃ  Ná»™i",115m,ChÃ­nh chá»§ bÃ¡n toÃ  vÄƒn phÃ²ng phá»‘ TÃ´n Äá»©c Tháº¯ng Äá»‘ng Äa115m2x10T nhá»‰nh hÆ¡n 70 tá»·,https://123nhadatviet.com/chinh-chu-ban-toa-van-phong-pho-ton-duc-thang-dong-da115m2x10t-nhinh-hon-70-ty-5661573.html,5661573,_,Cáº§n bÃ¡n,,VÄƒn phÃ²ng,Sá»• há»“ng/ Sá»• Ä‘á»,,,10,9,"70,5 tá»·"
"XÃ£ DiÃªn TÃ¢n, Huyá»‡n DiÃªn KhÃ¡nh, KhÃ¡nh HÃ²a",18000m,"bÃ¡n Ä‘áº¥t 1,8 hecta gáº§n Há»“ CÃ¢y Sung xÃ£ DiÃªn TÃ¢n, DiÃªn KhÃ¡nh máº·t tiá»n gáº§n 200m giÃ¡ ráº»",https://123nhadatviet.com/ban-dat-1-8-hecta-gan-ho-cay-sung-xa-dien-tan-dien-khanh-mat-tien-gan-200m-gia-re-6738077.html,6738077,_,Cáº§n bÃ¡n,8m,,Sá»• há»“ng/ Sá»• Ä‘á»,,,,,"150 ngÃ n / m
2
  "
"ÄÆ°á»ng Huá»³nh Thá»‹ Hai, PhÆ°á»ng TÃ¢n ChÃ¡nh Hiá»‡p, Quáº­n 12, Há»“ ChÃ­ Minh",47m,"BÃ¡n nhÃ  Huá»³nh Thá»‹ Hai Q12, 47m2, 2 PhÃ²ng ngá»§, ngang 4m, Ä. 6m giÃ¡ chá»‰ 3.x tá»·",https://123nhadatviet.com/ban-nha-huynh-thi-hai-q12-47m2-2-phong-ngu-ngang-4m-d-6m-gia-chi-3-x-ty-6560825.html,6560825,_,Cáº§n bÃ¡n,6m,NhÃ  riÃªng,Sá»• há»“ng/ Sá»• Ä‘á»,4m,14m,,2,"3,4 tá»·"
"Phá»‘ Thá»£ Nhuá»™m, PhÆ°á»ng TrÃ¢Ì€n HÆ°ng ÄaÌ£o, Quáº­n HoÃ n Kiáº¿m, HÃ  Ná»™i",88m,"BÃ¡n NhÃ  Máº·t Phá»‘ Thá»£ Nhuá»™m, Quáº­n HoÃ n Kiáº¿m 88m2x3T MT:5,2m, LÃ´ GÃ³c, GiÃ¡ Ráº».",https://123nhadatviet.com/ban-nha-mat-pho-tho-nhuom-quan-hoan-kiem-88m2x3t-mt-5-2m-lo-goc-gia-re--6146407.html,6146407,_,Cáº§n bÃ¡n,30m,NhÃ  phá»‘,Sá»• há»“ng/ Sá»• Ä‘á»,,,3,4,53 tá»·
"XÃ£ KhÃ¡nh PhÃº, Huyá»‡n KhÃ¡nh VÄ©nh, KhÃ¡nh HÃ²a",1000m,"bÃ¡n 1.000m2 Ä‘áº¥t quy hoáº¡ch thá»• cÆ° Ä‘Æ°á»ng nhá»±a HÆ°Æ¡ng Lá»™ 62 xÃ£ KhÃ¡nh PhÃº, KhÃ¡nh VÄ©nh",https://123nhadatviet.com/ban-1-000m2-dat-quy-hoach-tho-cu-duong-nhua-huong-lo-62-xa-khanh-phu-khanh-vinh-6749987.html,6749987,_,Cáº§n bÃ¡n,20m,,Sá»• há»“ng/ Sá»• Ä‘á»,,,,,"1,25 tá»·"
"XÃ£ KhÃ¡nh PhÃº, Huyá»‡n KhÃ¡nh VÄ©nh, KhÃ¡nh HÃ²a",19000m,"bÃ¡n Ä‘áº¥t 1,9 hecta Ä‘Æ°á»ng oto lÃ m nhÃ  vÆ°á»n, trang tráº¡i gáº§n HL62 xÃ£ KhÃ¡nh PhÃº, KhÃ¡nh VÄ©nh",https://123nhadatviet.com/ban-dat-1-9-hecta-duong-oto-lam-nha-vuon-trang-trai-gan-hl62-xa-khanh-phu-khanh-vinh-6751380.html,6751380,_,Cáº§n bÃ¡n,7m,,Sá»• há»“ng/ Sá»• Ä‘á»,,,,,"2,1 tá»·"
"Phá»‘ Äáº·ng VÄƒn Ngá»¯, PhÆ°á»ng Trung TÆ°Ì£, Quáº­n Äá»‘ng Äa, HÃ  Ná»™i",80m,ChÃ­nh chá»§ cáº§n bÃ¡n cÄƒn nhÃ  á»Ÿ ngÃµ 62 Äáº·ng VÄƒn Ngá»¯ Äá»‘ng Äa 80m2x5T nhá»‰nh hÆ¡n 15 tá»·,https://123nhadatviet.com/chinh-chu-can-ban-can-nha-o-ngo-62-dang-van-ngu-dong-da-80m2x5t-nhinh-hon-11-ty-3354888.html,3354888,_,Cáº§n bÃ¡n,,NhÃ  riÃªng,Sá»• há»“ng/ Sá»• Ä‘á»,,,5,10,"15,7 tá»·"
"ÄÆ°á»ng BÆ°ng Ã”ng ThoÃ n, PhÆ°á»ng PhÃº Há»¯u, ThÃ nh phá»‘ Thá»§ Äá»©c, Há»“ ChÃ­ Minh",160m,"BÃ¡n Äáº¥t ná»n giÃ¡ tá»‘t KDC Thá»i bÃ¡o kinh táº¿, Ä‘Æ°á»ng BÆ°ng Ã”ng ThoÃ n, PhÆ°á»ng PhÃº Há»¯u, Diá»‡n tÃ­ch",https://123nhadatviet.com/ban-dat-nen-gia-tot-kdc-thoi-bao-kinh-te-duong-bung-ong-thoan-phuong-phu-huu-dien-tich-5363220.html,5363220,TÃ¢y,Cáº§n bÃ¡n,12m,,Sá»• há»“ng/ Sá»• Ä‘á»,8m,20m,,,"9,12 tá»·"
"Phá»‘ HÃ o Nam, PhÆ°á»ng Ã” ChÆ¡Ì£ DÆ°Ì€a, Quáº­n Äá»‘ng Äa, HÃ  Ná»™i",68m,ChÃ­nh chá»§ bÃ¡n nhÃ  phÃ¢n lÃ´ oto trÃ¡nh phá»‘ HÃ o Nam Äá»‘ng Äa 68m2x8T nhá»‰nh hÆ¡n 28 tá»·,https://123nhadatviet.com/chinh-chu-ban-nha-phan-lo-oto-tranh-pho-hao-nam-dong-da-68m2x8t-nhinh-hon-28-ty-6571739.html,6571739,_,Cáº§n bÃ¡n,,NhÃ  riÃªng,Sá»• há»“ng/ Sá»• Ä‘á»,,,8,9,"28,4 tá»·"
"XÃ£ SÃ´ng Cáº§u, Huyá»‡n KhÃ¡nh VÄ©nh, KhÃ¡nh HÃ²a",28000m,"bÃ¡n 28.000m2 xÃ£ SÃ´ng Cáº§u, KhÃ¡nh VÄ©nh cÃ³ Suá»‘i nhá» giÃ¡ chá»‰ 60k/m2 LH 0788.558.552",https://123nhadatviet.com/ban-28-000m2-xa-song-cau-khanh-vinh-co-suoi-nho-gia-chi-60k-m2-lh-0788-558-552-6753023.html,6753023,_,Cáº§n bÃ¡n,6m,,Sá»• há»“ng/ Sá»• Ä‘á»,,,,,"1,7 tá»·"
"XÃ£ KhÃ¡nh Nam, Huyá»‡n KhÃ¡nh VÄ©nh, KhÃ¡nh HÃ²a",15000m,bÃ¡n 15.000m2 Ä‘áº¥t giÃ¡p Suá»‘i gáº§n trung tÃ¢m huyá»‡n KhÃ¡nh VÄ©nh giÃ¡ ráº» LH 0788.558.552,https://123nhadatviet.com/ban-15-000m2-dat-giap-suoi-gan-trung-tam-huyen-khanh-vinh-gia-re-lh-0788-558-552-6765576.html,6765576,_,Cáº§n bÃ¡n,8m,,Sá»• há»“ng/ Sá»• Ä‘á»,24m,,,,"2,775 tá»·"
"ÄÆ°á»ng Má»¹ ÄÃ¬nh, PhÆ°á»ng Má»¹ ÄÃ¬nh 2, Quáº­n Nam Tá»« LiÃªm, HÃ  Ná»™i",26105m,"ChÃ­nh chá»§ nhÆ°á»£ng láº¡i máº£nh Ä‘áº¥t dá»± Ã¡n bá»‡nh viá»‡n Ä‘Ã£ cÃ³ GPXD,300 giÆ°á»ng bá»‡nh ,á» Má»¹ ÄÃ¬nh",https://123nhadatviet.com/chinh-chu-nhuong-lai-manh-dat-du-an-benh-vien-da-co-gpxd-300-giuong-benh-o-my-dinh-5332162.html,5332162,_,Cáº§n bÃ¡n,,,Giáº¥y tá» há»£p lá»‡,,,,,500 tá»·
"XÃ£ KhÃ¡nh Nam, Huyá»‡n KhÃ¡nh VÄ©nh, KhÃ¡nh HÃ²a",14000m,"bÃ¡n Ä‘áº¥t lÃ m nhÃ  vÆ°á»n gáº§n trung tÃ¢m huyá»‡n KhÃ¡nh VÄ©nh rá»™ng 1,4 hecta máº·t tiá»n 130m giÃ¡ ráº»",https://123nhadatviet.com/ban-dat-lam-nha-vuon-gan-trung-tam-huyen-khanh-vinh-rong-1-4-hecta-mat-tien-130m-gia-re-6765636.html,6765636,_,Cáº§n bÃ¡n,,,Sá»• há»“ng/ Sá»• Ä‘á»,,,,,"2,94 tá»·"
"ÄÆ°á»ng Tráº§n Duy HÆ°ng, PhÆ°á»ng Trung HÃ²a, Quáº­n Cáº§u Giáº¥y, HÃ  Ná»™i",90m,"ChÃ­nh chá»§ bÃ¡n toÃ  vÄƒn phÃ²ng phá»‘ Tráº§n Duy HÆ°ng Cáº§u Giáº¥y 90m2x7,5T nhá»‰nh hÆ¡n 30 tá»·",https://123nhadatviet.com/chinh-chu-ban-toa-van-phong-pho-tran-duy-hung-cau-giay-90m2x7-5t-nhinh-hon-30-ty-5640470.html,5640470,_,Cáº§n bÃ¡n,,NhÃ  riÃªng,Sá»• há»“ng/ Sá»• Ä‘á»,,,7,7,32 tá»·
"ÄÆ°á»ng HÆ°Æ¡ng lá»™ 62, XÃ£ DiÃªn TÃ¢n, Huyá»‡n DiÃªn KhÃ¡nh, KhÃ¡nh HÃ²a",533m,"bÃ¡n 533m gáº§n Ä‘Æ°á»ng nhá»±a HÆ°Æ¡ng Lá»™ 62 xÃ£ DiÃªn TÃ¢n, DiÃªn KhÃ¡nh qh thá»• cÆ° giÃ¡ ráº»",https://123nhadatviet.com/ban-533m-gan-duong-nhua-huong-lo-62-xa-dien-tan-dien-khanh-qh-tho-cu-gia-re-6766854.html,6766854,_,Cáº§n bÃ¡n,7m,,Sá»• há»“ng/ Sá»• Ä‘á»,,,,,517 triá»‡u
"Phá»‘ Tráº§n Quang Diá»‡u, PhÆ°á»ng Ã” ChÆ¡Ì£ DÆ°Ì€a, Quáº­n Äá»‘ng Äa, HÃ  Ná»™i",80m,ChÃ­nh chá»§ cáº§n bÃ¡n cÄƒn nhÃ  á»Ÿ phá»‘ Tráº§n Quang Diá»‡u Äá»‘ng Äa 80m2x6T nhá»‰nh hÆ¡n 18 tá»·,https://123nhadatviet.com/chinh-chu-can-ban-can-nha-o-pho-tran-quang-dieu-dong-da-80m2x6t-nhinh-hon-17-ty-3547593.html,3547593,_,Cáº§n bÃ¡n,,NhÃ  phá»‘,Sá»• há»“ng/ Sá»• Ä‘á»,,,6,12,"18,8 tá»·"
"ÄÆ°á»ng LiÃªn PhÆ°á»ng, PhÆ°á»ng PhÆ°á»›c Long B, ThÃ nh phá»‘ Thá»§ Äá»©c, Há»“ ChÃ­ Minh",340m,"Cáº­p nháº­t giá» hÃ ng Ä‘áº§u nÄƒm Biá»‡t thá»± cáº§n bÃ¡n gáº¥p KDC PhÃº Nhuáº­n - PhÆ°á»›c Long B, DT 340m2",https://123nhadatviet.com/cap-nhat-gio-hang-dau-nam-biet-thu-can-ban-gap-kdc-phu-nhuan-phuoc-long-b-dt-340m2-5528657.html,5528657,ÄÃ´ng,Cáº§n bÃ¡n,12m,,Sá»• há»“ng/ Sá»• Ä‘á»,17m,21m,,,"21,08 tá»·"
"ÄÆ°á»ng LÃ¡ng Háº¡, PhÆ°á»ng LaÌng HaÌ£, Quáº­n Äá»‘ng Äa, HÃ  Ná»™i",110m,ChÃ­nh chá»§ bÃ¡n toÃ  VÄƒn PhÃ²ng phá»‘ LÃ¡ng Háº¡ Äá»‘ng Äa 110m2x10T nhá»‰nh hÆ¡n 50 tá»·,https://123nhadatviet.com/chinh-chu-ban-toa-van-phong-pho-lang-ha-dong-da-110m2x10t-nhinh-hon-40-ty-3685152.html,3685152,_,Cáº§n bÃ¡n,,VÄƒn phÃ²ng,Sá»• há»“ng/ Sá»• Ä‘á»,,,10,10,55 tá»·
"ÄÆ°á»ng HÆ°Æ¡ng lá»™ 62, XÃ£ DiÃªn TÃ¢n, Huyá»‡n DiÃªn KhÃ¡nh, KhÃ¡nh HÃ²a",2000m,"bÃ¡n Ä‘áº¥t lÃ m nhÃ  vÆ°á»n view Ä‘áº¹p 2.000m2 qh thá»• cÆ° gáº§n chá»£ trÆ°á»ng, xÃ£ DiÃªn TÃ¢n, DiÃªn KhÃ¡nh",https://123nhadatviet.com/ban-dat-lam-nha-vuon-view-dep-2-000m2-qh-tho-cu-gan-cho-truong-xa-dien-tan-dien-khanh-6860335.html,6860335,_,Cáº§n bÃ¡n,7m,,Sá»• há»“ng/ Sá»• Ä‘á»,,,,,"1,5 tá»·"
"ÄÆ°á»ng Äáº¡i Cá»“ Viá»‡t, PhÆ°á»ng LÃª ÄaÌ£i HaÌ€nh, Quáº­n Hai BÃ  TrÆ°ng, HÃ  Ná»™i",165m,"Cá»±c Vip! BÃ¡n NhÃ  Máº·t Phá»‘ Äáº¡i Cá»“ Viá»‡t, Hai BÃ  TrÆ°ng 165m2, 9T, MT:6,5m, GiÃ¡ Ráº» Nháº¥t.",https://123nhadatviet.com/cuc-vip-ban-nha-mat-pho-dai-co-viet-hai-ba-trung-165m2-9t-mt-6-5m-gia-re-nhat--6399789.html,6399789,_,Cáº§n bÃ¡n,19m,NhÃ  phá»‘,Sá»• há»“ng/ Sá»• Ä‘á»,,26m,9,18,151 tá»·
"ÄÆ°á»ng 6A, XÃ£ VÄ©nh ThÃ¡i, ThÃ nh phá»‘ Nha Trang, KhÃ¡nh HÃ²a",64m,bÃ¡n nhÃ  1 láº§u Ä‘Æ°á»ng nhá»±a 16m hÆ°á»›ng TÃ¢y Nam gÃ¡ chá»‰ 2 tá»· 350tr gáº§n Ä‘Æ°á»ng Phong ChÃ¢u,https://123nhadatviet.com/ban-nha-1-lau-duong-nhua-16m-huong-tay-nam-ga-chi-2-ty-350tr-gan-duong-phong-chau-6860171.html,6860171,_,Cáº§n bÃ¡n,16m,NhÃ  riÃªng,Sá»• há»“ng/ Sá»• Ä‘á»,4m,,1,3,"2,35 tá»·"
"Phá»‘ ThÃ¡i HÃ , PhÆ°á»ng Trung LiÃªÌ£t, Quáº­n Äá»‘ng Äa, HÃ  Ná»™i",135m,Äáº³ng cáº¥p lÃ  mÃ£i mÃ£i -ToÃ  vÄƒn phÃ²ng Ä‘a chá»©c nÄƒng phá»‘ ThÃ¡i HÃ  Äá»‘ng Äa 135m2x8T,https://123nhadatviet.com/dang-cap-la-mai-mai-toa-van-phong-da-chuc-nang-pho-thai-ha-dong-da-135m2x8t-nhinh-hon-70y-4816460.html,4816460,_,Cáº§n bÃ¡n,,VÄƒn phÃ²ng,Sá»• há»“ng/ Sá»• Ä‘á»,,,8,10,"46,5 tá»·"
"ÄÆ°á»ng HÆ°Æ¡ng lá»™ 62, XÃ£ DiÃªn TÃ¢n, Huyá»‡n DiÃªn KhÃ¡nh, KhÃ¡nh HÃ²a",2500m,bÃ¡n Ä‘áº¥t lÃ m nhÃ  vÆ°á»n view Ä‘áº¹p 2.500m quy hoáº¡ch full thá»• cÆ° giÃ¡ chá»‰ 670tr gáº§n chá»£ trÆ°á»ng,https://123nhadatviet.com/ban-dat-lam-nha-vuon-view-dep-2-500m-quy-hoach-full-tho-cu-gia-chi-670tr-gan-cho-truong-6858151.html,6858151,_,Cáº§n bÃ¡n,6m,,Sá»• há»“ng/ Sá»• Ä‘á»,,,,,670 triá»‡u
"XÃ£ KhÃ¡nh Trung, Huyá»‡n KhÃ¡nh VÄ©nh, KhÃ¡nh HÃ²a",8500m,bÃ¡n Ä‘áº¥t cÃ³ thá»• cÆ° 8.500m2 Ä‘Æ°á»ng nhá»±a TL8B giÃ¡p Suá»‘i lÃ m nhÃ  vÆ°á»n giÃ¡ ráº» huyá»‡n KhÃ¡nh VÄ©nh,https://123nhadatviet.com/ban-dat-co-tho-cu-8-500m2-duong-nhua-tl8b-giap-suoi-lam-nha-vuon-gia-re-huyen-khanh-vinh-6856096.html,6856096,_,Cáº§n bÃ¡n,,,,,,,,"2,1 tá»·"
