,Loại tin,Mã tin,Link,Diện tích,Mức giá,Hướng nhà,Số tầng,Số phòng ngủ,Số toilet,Pháp lý,Nội thất,Title,Address,Đường vào,Mặt tiền,Check,Ngày đăng,Ngày hết hạn,Hướng ban công,Category
0,Tin VIP Kim Cương,40756544,https://batdongsan.com.vn/ban-can-ho-chung-cu-duong-nguyen-xien-phuong-long-binh-3-prj-glory-heights-vinhomes-grand-park/-doi-dien-vincom-gia-sieu-tot-uu-dai-len-den-24-36-lh-pr40756544,59 m²,"2,9 tỷ",,,2 phòng,2 phòng,HĐMB,,"Glory Heights căn hộ đối diện Vincom - Gía siêu tốt, ưu đãi lên đến 36%. LH 0908 494 ***","Dự án Glory Heights - Vinhomes Grand Park, Đường Nguyễn Xiển, Phường Long Bình, Quận 9, Hồ Chí Minh",,,Chưa Xác Thực,09/11/2024,16/11/2024,,Can Ho Chung Cu
1,Tin VIP Kim Cương,41503127,https://batdongsan.com.vn/ban-can-ho-chung-cu-duong-nguyen-huu-tho-phuong-tan-hung-14-prj-sunrise-city/ban-nhanh-tam-huyet-north-gia-tot-noi-that-cao-cap-don-vao-o-ngay-pr41503127,74 m²,"4,8 tỷ",Tây,,2 phòng,2 phòng,Sổ đỏ/ Sổ hồng,Đầy đủ,"Bán nhanh căn hộ tâm huyết Sunrise city North giá tốt, nội thất cao cấp dọn vào ở ngay","Sunrise City, Đường Nguyễn Hữu Thọ, Phường Tân Hưng, Quận 7, Hồ Chí Minh",,,Chưa Xác Thực,12/11/2024,19/11/2024,Đông,Can Ho Chung Cu
2,Tin VIP Kim Cương,41406297,https://batdongsan.com.vn/ban-can-ho-chung-cu-phuong-long-thanh-my-prj-vinhomes-grand-park/top-7-2pn-2wc-hang-cdt-gia-re-nhat-thang-11-ck-11-an-han-goc-lai-24-thang-pr41406297,59 m²,3 tỷ,,,2 phòng,,,,"Giỏ hàng căn hộ CĐT giá rẻ nhất tháng 11, ck 12%, ân hạn gốc lãi 24 tháng","Dự án Vinhomes Grand Park, Phường Long Thạnh Mỹ, Quận 9, Hồ Chí Minh",,,Chưa Xác Thực,10/11/2024,17/11/2024,,Can Ho Chung Cu
3,Tin thường,41100173,https://batdongsan.com.vn/ban-can-ho-chung-cu-duong-n1-phuong-son-ky-prj-diamond-centery/ro-hang-mua-truc-tiep-cdt-6ty174-gia-102-2pn-1-co-the-tk-3pn-96m2-c-khau-17-view-cv-boi-pr41100173,96 m²,"6,78 tỷ",,,2 phòng,,Hợp đồng mua bán,Cơ bản,Rổ hàng mua trực tiếp CĐT 6tỷ780 (giá 102%) 2PN + 1 (có thể TK 3PN) 96m2 CK 17% view CV hồ bơi,"Dự án Diamond Centery Celadon City, Đường N1, Phường Sơn Kỳ, Tân Phú, Hồ Chí Minh",,,TIN XÁC THỰC,14/10/2024,14/11/2024,,Can Ho Chung Cu
4,Tin thường,41362252,https://batdongsan.com.vn/ban-can-ho-chung-cu-duong-nguyen-xien-phuong-long-thanh-my-prj-the-rainbow-vinhomes-grand-park/-ban-studio-s3-so-do-view-db-biet-thu-va-song-dong-nai-dt-30m2-gia-dau-tu-chi-nhinh-1-4-ty-pr41362252,30 m²,"1,42 tỷ",,,1 phòng,1 phòng,,,"Cần bán Studio S3 sổ đỏ, view ĐB, biệt thự và sông đồng nai, DT 30m2 giá đầu tư chỉ nhỉnh 1,4 tỷ","Dự án The Rainbow - Vinhomes Grand Park, Đường Nguyễn Xiển, Phường Long Thạnh Mỹ, Quận 9, Hồ Chí Minh",,,TIN XÁC THỰC,12/11/2024,22/11/2024,,Can Ho Chung Cu
5,Tin thường,41294895,https://batdongsan.com.vn/ban-can-ho-chung-cu-duong-nguyen-xien-phuong-long-thanh-my-prj-masteri-centre-point/-ban-1pn-view-boi-co-ban-cong-va-logia-noi-that-co-ban-dt-53m2-gia-3-26-ty-pr41294895,"54,5 m²","3,26 tỷ",,,1 phòng,1 phòng,Hợp đồng mua bán,,"Cần bán căn 1PN + view hồ bơi, có ban công và logia, nội thất cơ bản, DT 54.5m2 giá 3,26 tỷ","Dự án Masteri Centre Point, Đường Nguyễn Xiển, Phường Long Thạnh Mỹ, Quận 9, Hồ Chí Minh",,,TIN XÁC THỰC,02/11/2024,12/11/2024,Nam,Can Ho Chung Cu
6,Tin thường,41460991,https://batdongsan.com.vn/ban-can-ho-chung-cu-duong-nguyen-luong-bang-1-phuong-tan-phu-19-prj-riverside-residence/-147m-3pn-ngam-tron-ven-song-thanh-p-huong-cuoc-song-dang-cap-pr41460991,147 m²,14 tỷ,,,3 phòng,3 phòng,Có sổ.,Đầy đủ,"Căn hộ Riverside Residence 147m2, 3PN - Ngắm trọn vẹn sông thành phố, tận hưởng cuộc sống đẳng cấp","Dự án Riverside Residence, Đường Nguyễn Lương Bằng, Phường Tân Phú, Quận 7, Hồ Chí Minh",,,TIN XÁC THỰC,07/11/2024,17/11/2024,,Can Ho Chung Cu
7,Tin thường,41018000,https://batdongsan.com.vn/ban-can-ho-chung-cu-duong-nguyen-thi-dinh-phuong-an-phu-prj-can-ho-precia-quan-2/chinh-chu-ban-2pn2wc-gia-5-ty-dich-vu-5-sao-gan-cho-va-tttm-lh-pr41018000,"68,7 m²","4,1 tỷ",,,2 phòng,2 phòng,Sổ đỏ/ Sổ hồng,Đầy đủ.,"Chính chủ bán Precia 2PN2WC giá 4.1 tỷ, sổ đỏ cầm tay 0969 790 ***","Dự án Căn hộ Precia Quận 2, Đường Nguyễn Thị Định, Phường An Phú, Quận 2, Hồ Chí Minh",,,TIN XÁC THỰC,06/11/2024,16/11/2024,,Can Ho Chung Cu
8,Tin thường,40244668,https://batdongsan.com.vn/ban-can-ho-chung-cu-pho-ton-duc-thang-phuong-ben-nghe-prj-vinhomes-golden-river-ba-son/chinh-chu-ban-bason-sieu-dep-2pn-view-song-sai-gon-bitexco-gia-11-5ty-pr40244668,83 m²,"11,5 tỷ",Tây - Nam,,2 phòng,2 phòng,Sổ đỏ/ Sổ hồng,Đầy đủ,"Chính chủ cần bán căn Vinhomes Bason siêu đẹp 2PN view sông Sài Gòn Bitexco giá 11.5tỷ, 0908 494 ***","Dự án Vinhomes Golden River Ba Son, Phố Tôn Đức Thắng, Phường Bến Nghé, Quận 1, Hồ Chí Minh",,,TIN XÁC THỰC,12/11/2024,22/11/2024,Đông - Nam,Can Ho Chung Cu
9,Tin thường,39553207,https://batdongsan.com.vn/ban-can-ho-chung-cu-duong-dien-bien-phu-phuong-22-prj-vinhomes-central-park/toi-chinh-chu-ban-3-pn-98-7m2-gia-8-4-ty-lh-pr39553207,"98,7 m²","9,8 tỷ",Tây - Bắc,,3 phòng,2 phòng,Sổ đỏ/ Sổ hồng,Đầy đủ,Tôi chính chủ cần bán căn 3PN 98.7m2 giá 9.8 tỷ. LH 0775 219 ***,"Dự án Vinhomes Central Park, Đường Điện Biên Phủ, Phường 22, Bình Thạnh, Hồ Chí Minh",,,TIN XÁC THỰC,26/10/2024,25/11/2024,Đông - Bắc,Can Ho Chung Cu
10,Tin thường,41329517,https://batdongsan.com.vn/ban-can-ho-chung-cu-duong-vo-van-kiet-phuong-an-lac-6-prj-akari-city-nam-long/-co-so-hong-dien-tich-79m2-gia-3-5-ty-view-noi-khu-cong-vien-dep-mat-cong-ngay-pr41329517,79 m²,"3,5 tỷ",,,2 phòng,2 phòng,Sổ đỏ/ Sổ hồng,,"Akari City có sổ hồng diện tích 79m2 giá 3,5 tỷ view nội khu công viên đẹp, mát, công chứng ngay","Akari City Nam Long, Võ Văn Kiệt, An Lạc, Bình Tân, Hồ Chí Minh",,,TIN XÁC THỰC,26/10/2024,25/11/2024,,Can Ho Chung Cu
11,Tin thường,41442052,https://batdongsan.com.vn/ban-can-ho-chung-cu-duong-song-hanh-phuong-an-phu-prj-estella-heights/-height-ban-2pn-tang-cao-view-city-thap-t4-100m2-hiem-pr41442052,99 m²,11 tỷ,,,2 phòng,2 phòng,,,Estella Height - Bán 2PN - tầng cao view city - Tháp T4 - 100m2 (Căn hiếm),"Dự án Estella Heights, Đường Song Hành, Phường An Phú, Quận 2, Hồ Chí Minh",,,TIN XÁC THỰC,06/11/2024,21/11/2024,,Can Ho Chung Cu
12,Tin VIP Kim Cương,39707439,https://batdongsan.com.vn/ban-can-ho-chung-cu-duong-nguyen-xien-phuong-long-binh-3-prj-glory-heights-vinhomes-grand-park/sieu-gio-hang-1pn-chi-1-943-2pn-chi-3-1-ty-3pn-chi-3-576-chiet-khau-10-pr39707439,59 m²,Thỏa thuận,,,2 phòng,,,,"Siêu giỏ hàng nội bộ Glory Heights giá cực tốt T11, chiết khấu tới 36%, học bổng Vinschool, Vinmec","Dự án Glory Heights - Vinhomes Grand Park, Đường Nguyễn Xiển, Phường Long Bình, Quận 9, Hồ Chí Minh",,,Chưa Xác Thực,12/11/2024,19/11/2024,,Can Ho Chung Cu
13,Tin VIP Kim Cương,39912207,https://batdongsan.com.vn/ban-can-ho-chung-cu-phuong-long-thanh-my-prj-the-beverly-solari-vinhomes-grand-park/quan-ly-hang-gia-tot-stu-1-575-1pn-2-035-2pn-2-435-ko-bo-von-t9-nhan-nha-an-han-4-nam-pr39912207,"61,6 m²","2,61 tỷ",,,2 phòng,2 phòng,,,"Quản lý siêu hàng tốt Solari, stu 1.6; 1PN+2.1tỷ; 2PN 2.6; 2PN+3.09 tỷ; T10 nhận nhà, ân hạn 4 năm","Dự án The Beverly Solari - Vinhomes Grand Park, Phường Long Thạnh Mỹ, Quận 9, Hồ Chí Minh",,,Chưa Xác Thực,12/11/2024,19/11/2024,,Can Ho Chung Cu
14,Tin VIP Kim Cương,41196123,https://batdongsan.com.vn/ban-can-ho-chung-cu-duong-nguyen-van-linh-phuong-tan-phong-9-prj-lavida-plus/mua-truc-tiep-cdt-view-song-ngay-phu-my-hung-dh-rmit-o-lien-vay-75-lai-0-pr41196123,73 m²,"3,4 tỷ",,,2 phòng,2 phòng,Hợp đồng mua bán,Cơ bản,"Mua trực tiếp CĐT căn hộ Lavida Plus view sông ngay Phú Mỹ Hưng, ĐH RMIT ở liền, vay 75% lãi 0%","Dự án Lavida Plus, Đường Nguyễn Văn Linh, Phường Tân Phong, Quận 7, Hồ Chí Minh",,,Chưa Xác Thực,31/10/2024,16/11/2024,,Can Ho Chung Cu
15,Tin VIP Kim Cương,41501859,https://batdongsan.com.vn/ban-can-ho-chung-cu-duong-n1-phuong-son-ky-prj-diamond-centery/em-thu-nhan-vien-cdt-chuyen-phu-trach-ro-hang-mua-goc-cdt-chuyen-nhuong-phap-li-minh-bach-ck-17-pr41501859,96 m²,"6,17 tỷ",,,2 phòng,2 phòng,Hợp đồng mua bán,,Em Thư nhân viên CĐT chuyên phụ trách rổ hàng mua gốc CĐT & chuyển nhượng pháp lí minh bạch- CK 17%,"Dự án Diamond Centery Celadon City, Đường N1, Phường Sơn Kỳ, Tân Phú, Hồ Chí Minh",,,Chưa Xác Thực,12/11/2024,27/11/2024,,Can Ho Chung Cu
16,Tin VIP Kim Cương,41204201,https://batdongsan.com.vn/ban-can-ho-chung-cu-pho-tran-quy-kien-phuong-binh-trung-tay-prj-diamond-island/chuyen-ban-dao-kim-cuong-tu-1-pn-den-5-pn-duplex-garden-pool-sky-villa-spuse-pr41204201,124 m²,10 tỷ,Tây - Nam,,3 phòng,2 phòng,Sổ đỏ/ Sổ hồng,Đầy đủ,"Chuyên bán căn hộ Đảo Kim Cương từ 1 PN đến 5 PN, Duplex, Garden / Pool / Sky Villa, Shophouse","Dự án Diamond Island, Phố Trần Quý Kiên, Phường Bình Trưng Tây, Quận 2, Hồ Chí Minh",,,Chưa Xác Thực,05/11/2024,20/11/2024,Đông,Can Ho Chung Cu
17,Tin VIP Kim Cương,41007787,https://batdongsan.com.vn/ban-can-ho-chung-cu-duong-vo-nguyen-giap-phuong-an-phu-prj-lumiere-riverside/tin-gia-that-em-hiep-chuyen-mua-ban-quan-2-pr41007787,52 m²,"6,2 tỷ",,,1 phòng,1 phòng,Hợp đồng mua bán.,"Cơ bản nội thất cơ bản gồm: Hệ thống máy lạnh âm trần, tủ quần áo, bếp điện từ, lò nướng, máy hút mùi.","Tin giá thật em Hiệp chuyên mua bán căn hộ Lumiere Riverside, Quận 2","Dự án Lumiere Riverside, Đường Võ Nguyên Giáp, Phường An Phú, Quận 2, Hồ Chí Minh",,,Chưa Xác Thực,06/11/2024,14/11/2024,,Can Ho Chung Cu
18,Tin VIP Kim Cương,41461525,https://batdongsan.com.vn/ban-can-ho-chung-cu-phuong-long-thanh-my-prj-vinhomes-grand-park/nhan-booking-cn-vi-tri-dep-opus-one-vinmes-sieu-cao-cap-lh-pr41461525,54 m²,66 triệu/m²,,,1 phòng,,,,"Nhận booking chọn căn vị trí đẹp - Opus One Vinhomes Grand Park căn hộ siêu cao cấp, LH 0903 040 ***","Dự án Vinhomes Grand Park, Phường Long Thạnh Mỹ, Quận 9, Hồ Chí Minh",,,Chưa Xác Thực,07/11/2024,14/11/2024,,Can Ho Chung Cu
19,Tin VIP Kim Cương,41166399,https://batdongsan.com.vn/ban-can-ho-chung-cu-duong-n1-phuong-son-ky-prj-diamond-centery/duy-nhat-2pn-ro-hang-cdt-chiet-khau-cao-khong-chenh-lech-view-dong-nam-nha-san-nhan-ngay-pr41166399,96 m²,"6,4 tỷ",,,2 phòng,2 phòng,Hợp đồng mua bán,,Duy nhất căn 2PN rổ hàng CĐT- chiết khấu cao - không chênh lệch - view Đông Nam - nhà sẵn nhận ngay,"Dự án Diamond Centery Celadon City, Đường N1, Phường Sơn Kỳ, Tân Phú, Hồ Chí Minh",,,Chưa Xác Thực,11/11/2024,18/11/2024,,Can Ho Chung Cu
20,Tin VIP Kim Cương,41036963,https://batdongsan.com.vn/ban-can-ho-chung-cu-duong-dao-tri-phuong-phu-thuan-3-prj-q7-saigon-riverside/-toan-bo-gio-hang-4-block-gia-sieu-tot-view-song-trieu-do-2pn-68m2-3-2ty-xem-24-7-pr41036963,73 m²,"2,9 tỷ",,,2 phòng,2 phòng,Hợp đồng mua bán,Cơ bản,"(Toàn bộ giỏ hàng 4 block căn góc 2pn 73m2) Q7 Riverside giá siêu tốt, view sông 2.9tỷ 0939 720 ***","Dự án Q7 Saigon Riverside, Đường Đào Trí, Phường Phú Thuận, Quận 7, Hồ Chí Minh",,,Chưa Xác Thực,05/11/2024,12/11/2024,,Can Ho Chung Cu
21,Tin VIP Kim Cương,40660755,https://batdongsan.com.vn/ban-can-ho-chung-cu-duong-nguyen-van-linh-phuong-tan-phong-9-prj-lavida-plus/200-mua-truc-tiep-cdt-nhan-nha-o-ngay-gia-1-8-ty-tro-lai-suat-0-pr40660755,"74,24 m²",49 triệu/m²,,,2 phòng,,,,"200 căn Lavida + Mua trực tiếp CĐT - Nhận nhà ở ngay - Từ 1.8 tỷ - 4,9 tỷ căn - Hỗ trợ lãi suất 0%","Dự án Lavida Plus, Đường Nguyễn Văn Linh, Phường Tân Phong, Quận 7, Hồ Chí Minh",,,Chưa Xác Thực,29/10/2024,13/11/2024,,Can Ho Chung Cu
22,Tin VIP Kim Cương,40960582,https://batdongsan.com.vn/ban-can-ho-chung-cu-duong-vo-nguyen-giap-phuong-thao-dien-prj-masteri-thao-dien/chuyen-chuyen-nhuong-cam-ket-gia-tot-nhat-thi-truong-lh-em-tram-pr40960582,74 m²,"5,7 tỷ",Tây - Bắc,,2 phòng,2 phòng,Sổ đỏ/ Sổ hồng,Đầy đủ,"Chuyên chuyển nhượng Masteri Thảo Điền, cam kết giá tốt nhất thị trường. LH: 0931 177 *** em Trâm","Dự án Masteri Thảo Điền, Đường Võ Nguyên Giáp, Phường Thảo Điền, Quận 2, Hồ Chí Minh",,,Chưa Xác Thực,07/11/2024,14/11/2024,Đông - Nam,Can Ho Chung Cu
23,Tin VIP Kim Cương,40941420,https://batdongsan.com.vn/ban-can-ho-chung-cu-phuong-long-thanh-my-prj-vinhomes-grand-park/chu-nha-gui-ban-lo-3pn-vinmes-gia-chi-2-85-ty-con-thuong-luong-pr40941420,82 m²,"2,85 tỷ",,,3 phòng,,Sổ đỏ/ Sổ hồng,,"Chủ nhà gửi bán lỗ căn hộ 3PN Vinhomes Grand Park, giá chỉ 2,85 tỷ còn thương lượng","Dự án Vinhomes Grand Park, Phường Long Thạnh Mỹ, Quận 9, Hồ Chí Minh",,,Chưa Xác Thực,31/10/2024,15/11/2024,,Can Ho Chung Cu
24,Tin VIP Kim Cương,41208384,https://batdongsan.com.vn/ban-can-ho-chung-cu-duong-xa-lo-ha-noi-phuong-an-phu-prj-lumiere-riverside/chuyen-ban-tu-1-pn-den-5-pn-duplex-pentuse-gia-tot-nhat-pr41208384,78 m²,"7,2 tỷ",Bắc,,2 phòng,2 phòng,Sổ đỏ/ Sổ hồng,Đầy đủ,"Chuyên bán căn hộ Lumiere Riverside từ 1 PN đến 4 PN, Duplex, Penthouse, giá tốt nhất","Dự án Lumiere Riverside, Đường Xa Lộ Hà Nội, Phường An Phú, Quận 2, Hồ Chí Minh",,,Chưa Xác Thực,09/11/2024,24/11/2024,Đông - Nam,Can Ho Chung Cu
25,Tin VIP Kim Cương,40790843,https://batdongsan.com.vn/ban-can-ho-chung-cu-duong-nguyen-co-thach-phuong-an-khanh-prj-the-river-thu-thiem/gio-hang-doc-quyen-hon-99-view-dep-nhat-gia-tot-nhat-thi-truong-pr40790843,94 m²,11 tỷ,Tây - Nam,,2 phòng,2 phòng,Sổ đỏ/ Sổ hồng,,"Giỏ hàng độc quyền hơn 99 căn The River Thủ Thiêm sổ hồng, view đẹp nhất, giá tốt nhất thị trường","Dự án The River Thủ Thiêm, Đường Nguyễn Cơ Thạch, Phường An Khánh, Quận 2, Hồ Chí Minh",,,Chưa Xác Thực,11/11/2024,21/11/2024,Đông - Bắc,Can Ho Chung Cu
26,Tin VIP Kim Cương,41492523,https://batdongsan.com.vn/ban-can-ho-chung-cu-duong-vo-van-kiet-phuong-an-lac-6-prj-akari-city-nam-long/chinh-chu-ban-thap-ak7-tang-8-view-boi-nhan-nha-o-ngay-lh-pr41492523,81 m²,"3,86 tỷ",,,2 phòng,2 phòng,Hợp đồng mua bán,Đầy đủ,CHÍNH CHỦ BÁN CĂN HỘ AKARI CITY THÁP AK7 TẦNG 8 VIEW HỒ BƠI NHẬN NHÀ Ở NGAY. LH: 0975 467 ***,"Akari City Nam Long, Võ Văn Kiệt, An Lạc, Bình Tân, Hồ Chí Minh",,,Chưa Xác Thực,11/11/2024,18/11/2024,,Can Ho Chung Cu
27,Tin VIP Kim Cương,41211516,https://batdongsan.com.vn/ban-can-ho-chung-cu-duong-xa-lo-ha-noi-phuong-thao-dien-prj-masteri-thao-dien/chuyen-san-hang-nha-dep-gia-re-so-hong-goi-ngay-huong-pr41211516,70 m²,"5,5 tỷ",,,2 phòng,2 phòng,Sổ đỏ/ Sổ hồng,,Chuyên săn hàng Masteri Thảo Điền - Nhà đẹp - Giá rẻ - Sổ hồng - Gọi ngay Hương: 0937 886 ***,"Dự án Masteri Thảo Điền, Đường Xa Lộ Hà Nội, Phường Thảo Điền, Quận 2, Hồ Chí Minh",,,Chưa Xác Thực,11/11/2024,18/11/2024,,Can Ho Chung Cu
28,Tin VIP Kim Cương,39141708,https://batdongsan.com.vn/ban-can-ho-chung-cu-phuong-long-thanh-my-prj-vinhomes-grand-park/ban-nhanh-nhieu-ch-t2-2024-stu-1-2-ty-1pn-1-65-ty-2pn-1-9-ty-3pn-2-8-ty-lh-pr39141708,59 m²,"2,2 tỷ",,,2 phòng,1 phòng,,Full nội thất.,"Bán nhanh nhiều CH Vinhomes T11/2024: Stu 1.4 tỷ, 1PN + 1.85 tỷ, 2PN 2.2 tỷ, 3PN 3 tỷ LH 0938 703 ***","Dự án Vinhomes Grand Park, Phường Long Thạnh Mỹ, Quận 9, Hồ Chí Minh",,,Chưa Xác Thực,07/11/2024,14/11/2024,,Can Ho Chung Cu
29,Tin VIP Kim Cương,41471824,https://batdongsan.com.vn/ban-can-ho-chung-cu-duong-nguyen-van-linh-phuong-tan-phong-9-prj-lavida-plus/gio-hang-chuyen-nhuong-hoac-gia-goc-tu-chu-dau-tu-tu-1-ty-5-dien-tich-28-37-75m2-pr41471824,"37,4 m²","1,9 tỷ",Đông - Nam,,1 phòng,1 phòng,Hợp đồng mua bán,Cơ bản,Giỏ hàng Lavida Plus chuyển nhượng hoặc giá gốc từ chủ đầu tư từ 1 tỷ 5 diện tích 28 - 37.4m2- 75m2,"Dự án Lavida Plus, Đường Nguyễn Văn Linh, Phường Tân Phong, Quận 7, Hồ Chí Minh",,,Chưa Xác Thực,08/11/2024,18/11/2024,Đông - Nam,Can Ho Chung Cu
30,Tin VIP Kim Cương,41368956,https://batdongsan.com.vn/ban-can-ho-chung-cu-phuong-an-phu-prj-the-global-city/chu-dau-tu-nhan-booking-mo-ban-giai-doan-1-thap-doi-dep-nhat-q2-uu-dai-lon-pr41368956,80 m²,100 triệu/m²,,,2 phòng,2 phòng,Sổ đỏ/ Sổ hồng,Đầy đủ,"MỞ BÁN CĂN HỘ GRAND VIEW - THE GLOBAL CITY CHỈ THANH TOÁN 1,6 TỶ/ CĂN TRONG 3 NĂM CK 16%","Dự án The Global City, Phường An Phú, Quận 2, Hồ Chí Minh",,,Chưa Xác Thực,30/10/2024,14/11/2024,,Can Ho Chung Cu
31,Tin thường,41100173,https://batdongsan.com.vn/ban-can-ho-chung-cu-duong-n1-phuong-son-ky-prj-diamond-centery/ro-hang-mua-truc-tiep-cdt-6ty174-gia-102-2pn-1-co-the-tk-3pn-96m2-c-khau-17-view-cv-boi-pr41100173,96 m²,"6,78 tỷ",,,2 phòng,,Hợp đồng mua bán,Cơ bản,Rổ hàng mua trực tiếp CĐT 6tỷ780 (giá 102%) 2PN + 1 (có thể TK 3PN) 96m2 CK 17% view CV hồ bơi,"Dự án Diamond Centery Celadon City, Đường N1, Phường Sơn Kỳ, Tân Phú, Hồ Chí Minh",,,TIN XÁC THỰC,14/10/2024,14/11/2024,,Can Ho Chung Cu
32,Tin thường,41362252,https://batdongsan.com.vn/ban-can-ho-chung-cu-duong-nguyen-xien-phuong-long-thanh-my-prj-the-rainbow-vinhomes-grand-park/-ban-studio-s3-so-do-view-db-biet-thu-va-song-dong-nai-dt-30m2-gia-dau-tu-chi-nhinh-1-4-ty-pr41362252,30 m²,"1,42 tỷ",,,1 phòng,1 phòng,,,"Cần bán Studio S3 sổ đỏ, view ĐB, biệt thự và sông đồng nai, DT 30m2 giá đầu tư chỉ nhỉnh 1,4 tỷ","Dự án The Rainbow - Vinhomes Grand Park, Đường Nguyễn Xiển, Phường Long Thạnh Mỹ, Quận 9, Hồ Chí Minh",,,TIN XÁC THỰC,12/11/2024,22/11/2024,,Can Ho Chung Cu
33,Tin thường,41294895,https://batdongsan.com.vn/ban-can-ho-chung-cu-duong-nguyen-xien-phuong-long-thanh-my-prj-masteri-centre-point/-ban-1pn-view-boi-co-ban-cong-va-logia-noi-that-co-ban-dt-53m2-gia-3-26-ty-pr41294895,"54,5 m²","3,26 tỷ",,,1 phòng,1 phòng,Hợp đồng mua bán,,"Cần bán căn 1PN + view hồ bơi, có ban công và logia, nội thất cơ bản, DT 54.5m2 giá 3,26 tỷ","Dự án Masteri Centre Point, Đường Nguyễn Xiển, Phường Long Thạnh Mỹ, Quận 9, Hồ Chí Minh",,,TIN XÁC THỰC,02/11/2024,12/11/2024,Nam,Can Ho Chung Cu
34,Tin thường,41460991,https://batdongsan.com.vn/ban-can-ho-chung-cu-duong-nguyen-luong-bang-1-phuong-tan-phu-19-prj-riverside-residence/-147m-3pn-ngam-tron-ven-song-thanh-p-huong-cuoc-song-dang-cap-pr41460991,147 m²,14 tỷ,,,3 phòng,3 phòng,Có sổ.,Đầy đủ,"Căn hộ Riverside Residence 147m2, 3PN - Ngắm trọn vẹn sông thành phố, tận hưởng cuộc sống đẳng cấp","Dự án Riverside Residence, Đường Nguyễn Lương Bằng, Phường Tân Phú, Quận 7, Hồ Chí Minh",,,TIN XÁC THỰC,07/11/2024,17/11/2024,,Can Ho Chung Cu
35,Tin thường,41018000,https://batdongsan.com.vn/ban-can-ho-chung-cu-duong-nguyen-thi-dinh-phuong-an-phu-prj-can-ho-precia-quan-2/chinh-chu-ban-2pn2wc-gia-5-ty-dich-vu-5-sao-gan-cho-va-tttm-lh-pr41018000,"68,7 m²","4,1 tỷ",,,2 phòng,2 phòng,Sổ đỏ/ Sổ hồng,Đầy đủ.,"Chính chủ bán Precia 2PN2WC giá 4.1 tỷ, sổ đỏ cầm tay 0969 790 ***","Dự án Căn hộ Precia Quận 2, Đường Nguyễn Thị Định, Phường An Phú, Quận 2, Hồ Chí Minh",,,TIN XÁC THỰC,06/11/2024,16/11/2024,,Can Ho Chung Cu
36,Tin thường,40244668,https://batdongsan.com.vn/ban-can-ho-chung-cu-pho-ton-duc-thang-phuong-ben-nghe-prj-vinhomes-golden-river-ba-son/chinh-chu-ban-bason-sieu-dep-2pn-view-song-sai-gon-bitexco-gia-11-5ty-pr40244668,83 m²,"11,5 tỷ",Tây - Nam,,2 phòng,2 phòng,Sổ đỏ/ Sổ hồng,Đầy đủ,"Chính chủ cần bán căn Vinhomes Bason siêu đẹp 2PN view sông Sài Gòn Bitexco giá 11.5tỷ, 0908 494 ***","Dự án Vinhomes Golden River Ba Son, Phố Tôn Đức Thắng, Phường Bến Nghé, Quận 1, Hồ Chí Minh",,,TIN XÁC THỰC,12/11/2024,22/11/2024,Đông - Nam,Can Ho Chung Cu
37,Tin thường,39553207,https://batdongsan.com.vn/ban-can-ho-chung-cu-duong-dien-bien-phu-phuong-22-prj-vinhomes-central-park/toi-chinh-chu-ban-3-pn-98-7m2-gia-8-4-ty-lh-pr39553207,"98,7 m²","9,8 tỷ",Tây - Bắc,,3 phòng,2 phòng,Sổ đỏ/ Sổ hồng,Đầy đủ,Tôi chính chủ cần bán căn 3PN 98.7m2 giá 9.8 tỷ. LH 0775 219 ***,"Dự án Vinhomes Central Park, Đường Điện Biên Phủ, Phường 22, Bình Thạnh, Hồ Chí Minh",,,TIN XÁC THỰC,26/10/2024,25/11/2024,Đông - Bắc,Can Ho Chung Cu
38,Tin thường,41329517,https://batdongsan.com.vn/ban-can-ho-chung-cu-duong-vo-van-kiet-phuong-an-lac-6-prj-akari-city-nam-long/-co-so-hong-dien-tich-79m2-gia-3-5-ty-view-noi-khu-cong-vien-dep-mat-cong-ngay-pr41329517,79 m²,"3,5 tỷ",,,2 phòng,2 phòng,Sổ đỏ/ Sổ hồng,,"Akari City có sổ hồng diện tích 79m2 giá 3,5 tỷ view nội khu công viên đẹp, mát, công chứng ngay","Akari City Nam Long, Võ Văn Kiệt, An Lạc, Bình Tân, Hồ Chí Minh",,,TIN XÁC THỰC,26/10/2024,25/11/2024,,Can Ho Chung Cu
39,Tin thường,41442052,https://batdongsan.com.vn/ban-can-ho-chung-cu-duong-song-hanh-phuong-an-phu-prj-estella-heights/-height-ban-2pn-tang-cao-view-city-thap-t4-100m2-hiem-pr41442052,99 m²,11 tỷ,,,2 phòng,2 phòng,,,Estella Height - Bán 2PN - tầng cao view city - Tháp T4 - 100m2 (Căn hiếm),"Dự án Estella Heights, Đường Song Hành, Phường An Phú, Quận 2, Hồ Chí Minh",,,TIN XÁC THỰC,06/11/2024,21/11/2024,,Can Ho Chung Cu
40,Tin VIP Kim Cương,37347305,https://batdongsan.com.vn/ban-can-ho-chung-cu-duong-nguyen-van-linh-phuong-tan-thuan-tay-1-prj-eco-green-sai-gon/gio-hang-q7-ban-gia-cdt-2pn-3-150-ty-4ty-bank-tro-vay-70-lh-0899121989-pr37347305,66 m²,"4,5 tỷ",,,2 phòng,2 phòng,Sổ đỏ/ Sổ hồng,Cơ bản,"Mở bán 50 suất căn hộ Eco Green Q7 sổ hồng 1PN, 2PN, 3PN giá từ 3,4 tỷ hỗ trợ vay 70%","Dự án Eco Green Sài Gòn, Đường Nguyễn Văn Linh, Phường Tân Thuận Tây, Quận 7, Hồ Chí Minh",,,Chưa Xác Thực,29/10/2024,13/11/2024,,Can Ho Chung Cu
41,Tin VIP Kim Cương,38248917,https://batdongsan.com.vn/ban-can-ho-chung-cu-duong-nguyen-huu-tho-phuong-tan-hung-14-prj-sunrise-city/ban-1-2-6ty-2-3-3ty-3-pn-5-2ty-san-ka-xem-nha-gia-tot-nhat-pr38248917,108 m²,"5,3 tỷ",Tây,,3 phòng,2 phòng,,,"Bán căn hộ Sunrise City 1 (2,8tỷ) - 2 (3,3tỷ) - 3 PN (5,3tỷ) (sẵn khóa xem nhà) - giá tốt nhất","Dự án Sunrise City, Đường Nguyễn Hữu Thọ, Phường Tân Hưng, Quận 7, Hồ Chí Minh",,,Chưa Xác Thực,11/11/2024,18/11/2024,Đông,Can Ho Chung Cu
42,Tin VIP Kim Cương,40982386,https://batdongsan.com.vn/ban-can-ho-chung-cu-duong-xa-lo-ha-noi-phuong-an-phu-prj-lumiere-riverside/-em-chuyen-san-nhung-gia-goc-cat-52m2-4-9ty-77m2-6-2ty-101m2-10ty-pr40982386,52 m²,"4,9 tỷ",Tây - Bắc,,1 phòng,1 phòng,Đang chờ sổ.,Cơ bản.,"Lumiere Riverside em chuyên săn những căn giá gốc cắt lỗ (52m2 - 4,9tỷ) (77m2-6,2tỷ) (101m2-10tỷ)","Dự án Lumiere Riverside, Đường Xa Lộ Hà Nội, Phường An Phú, Quận 2, Hồ Chí Minh",,,Chưa Xác Thực,11/11/2024,18/11/2024,Đông - Nam,Can Ho Chung Cu
43,Tin VIP Kim Cương,41393339,https://batdongsan.com.vn/ban-can-ho-chung-cu-phuong-an-khanh-prj-the-metropole-thu-thiem/gio-hang-gia-tot-1pn-8-4-ty-2pn-13ty-3pn-19-ty-4pn-36-ty-dupplex-penthouse-pr41393339,77 m²,"13,5 tỷ",Bắc,,2 phòng,2 phòng,Hợp đồng mua bán,Nội thất cao cấp 100%,"Giỏ hàng độc quyền Metropole giá siêu tốt (1PN-2PN-3PN-4PN) Dupplex, Penthouse chỉ từ 8,4 tỷ","The Metropole Thủ Thiêm , An Khánh, Quận 2, Hồ Chí Minh",,,Chưa Xác Thực,11/11/2024,21/11/2024,Bắc,Can Ho Chung Cu
44,Tin VIP Kim Cương,40800728,https://batdongsan.com.vn/ban-can-ho-chung-cu-duong-dien-bien-phu-phuong-22-prj-vinhomes-central-park/my-chi-vinmes-chuyen-ban-tai-vinmes-va-landmark-81-1-2-3-4pn-pr40800728,"100,2 m²","10,8 tỷ",,,3 phòng,2 phòng,Sổ đỏ/ Sổ hồng,Đầy đủ,"Độc Quyền bán nhanh căn hộ 3Pn L2-20.03 giá 10,8 tỷ","Dự án Vinhomes Central Park, Đường Điện Biên Phủ, Phường 22, Bình Thạnh, Hồ Chí Minh",,,Chưa Xác Thực,10/11/2024,17/11/2024,,Can Ho Chung Cu
45,Tin VIP Kim Cương,39526274,https://batdongsan.com.vn/ban-can-ho-chung-cu-phuong-long-thanh-my-prj-vinhomes-grand-park/ro-hang-ngop-cat-lo-sau-q9-studio-1-2y-1pn-1-6ty-2pn-2ty-3pn-2-8ty-lh-pr39526274,30 m²,"1,4 tỷ",Tây - Nam,,1 phòng,1 phòng,Sổ đỏ/ Sổ hồng,Đầy đủ,"Vinhomes Q9 Stu 1.4tỷ, 1PN 1.85tỷ, 2PN 2.3tỷ, 3PN 3.2tỷ thanh toán 30% nhận nhà miễn gốc lãi 9/2026","Dự án Vinhomes Grand Park, Phường Long Thạnh Mỹ, Quận 9, Hồ Chí Minh",,,Chưa Xác Thực,05/11/2024,15/11/2024,Đông,Can Ho Chung Cu
46,Tin VIP Kim Cương,40093579,https://batdongsan.com.vn/ban-can-ho-chung-cu-duong-vo-van-kiet-phuong-an-lac-6-prj-akari-city-nam-long/-mo-ban-170-giam-hap-dan-den-10-giam-them-168tr-vay-0-18th-pkd-pr40093579,80 m²,"3,8 tỷ",,,2 phòng,2 phòng,Hợp đồng mua bán,Cơ bản,Akari City nhận nhà ở ngay - Chiết khấu hấp dẫn - Hỗ trợ lãi suất 0%/18th - Hotline PKD 0932 661 ***,"Dự án Akari City Nam Long, Đường Võ Văn Kiệt, Phường An Lạc, Bình Tân, Hồ Chí Minh",,,Chưa Xác Thực,09/11/2024,24/11/2024,,Can Ho Chung Cu
47,Tin VIP Kim Cương,35332833,https://batdongsan.com.vn/ban-can-ho-chung-cu-duong-nguyen-van-linh-phuong-tan-thuan-tay-1-prj-eco-green-sai-gon/-2pn-ban-nhanh-gia-hap-dan-chi-tu-3-7-ty-lh-0984543251-pr35332833,60 m²,"3,6 tỷ",,,2 phòng,2 phòng,Hợp đồng mua bán,Cơ bản,Đức Hưng Group - giỏ hàng Ecogreen Sài Gòn từ 3.7 tỷ có sổ sẵn đang trống hoặc có HĐ thuê,"Dự án Eco Green Sài Gòn, Đường Nguyễn Văn Linh, Phường Tân Thuận Tây, Quận 7, Hồ Chí Minh",,,Chưa Xác Thực,10/11/2024,17/11/2024,,Can Ho Chung Cu
48,Tin VIP Kim Cương,41483336,https://batdongsan.com.vn/ban-can-ho-chung-cu-duong-n1-phuong-son-ky-prj-celadon-city/suat-noi-bo-diamond-alnata-plus-diamond-centery-truc-tiep-cdt-chiet-khau-17-pr41483336,86 m²,4 tỷ,,,3 phòng,2 phòng,Hợp đồng mua bán,Đầy đủ,"Suất nội bộ Diamond Alnata Plus, Diamond Centery Celadon City, trực tiếp CĐT, chiết khấu 17%","Celadon City, Đường N1, Phường Sơn Kỳ, Tân Phú, Hồ Chí Minh",,,Chưa Xác Thực,10/11/2024,17/11/2024,,Can Ho Chung Cu
49,Tin VIP Kim Cương,41482870,https://batdongsan.com.vn/ban-can-ho-chung-cu-duong-tan-thoi-nhat-17-phuong-tan-thoi-nhat-1-prj-depot-metro-tham-luong/chinh-chu-ban-gap-2-png-ngu-tai-quan-12-dt-65m2-gia-giam-con-2-x-ty-pr41482870,65 m²,"2,8 tỷ",,,2 phòng,2 phòng,Sổ đỏ/ Sổ hồng,,"Chính chủ bán gấp căn hộ 2 phòng ngủ tại Depot Tham Lương, Quận 12, DT 65m2. Giá giảm còn 2. X tỷ","Depot Metro Tham Lương, Đường Tân Thới Nhất 17, Phường Tân Thới Nhất, Quận 12, Hồ Chí Minh",,,Chưa Xác Thực,10/11/2024,17/11/2024,,Can Ho Chung Cu
50,Tin VIP Kim Cương,34481509,https://batdongsan.com.vn/ban-can-ho-chung-cu-duong-vo-van-kiet-phuong-an-lac-6-prj-akari-city-nam-long/-nhan-booking-thap-dep-nhat-ak9-lien-he-truc-tiep-cdt-de-chon-vi-tri-dep-va-nhan-uu-dai-pr34481509,80 m²,"3,8 tỷ",,,2 phòng,2 phòng,,Đầy đủ,Giỏ hàng giá tốt nhất Akari City 63m2-80m2-97m2 chiết khấu ngay 700 triệu mua trực tiếp chủ đầu tư,"Dự án Akari City Nam Long, Đường Võ Văn Kiệt, Phường An Lạc, Bình Tân, Hồ Chí Minh",,,Chưa Xác Thực,09/11/2024,19/11/2024,,Can Ho Chung Cu
51,Tin VIP Kim Cương,34017748,https://batdongsan.com.vn/ban-can-ho-chung-cu-duong-dao-tri-phuong-phu-thuan-3-prj-q7-saigon-riverside/-ban-ch-view-song-2pn-gia-1-7-ty-va-2pn-gia-2-3-ty-lh-0984543251-thu-pr34017748,95 m²,"3,55 tỷ",,,3 phòng,2 phòng,Sổ đỏ/ Sổ hồng.,Cơ bản,"Cần bán CH Q7 Riverside view sông 3PN2WC giá 3,55 tỷ, hướng Đông Nam, hỗ trợ vay LH: 0965 431 ***","Dự án Q7 Saigon Riverside, Đường Đào Trí, Phường Phú Thuận, Quận 7, Hồ Chí Minh",,,Chưa Xác Thực,08/11/2024,15/11/2024,,Can Ho Chung Cu
52,Tin VIP Kim Cương,31552312,https://batdongsan.com.vn/ban-can-ho-chung-cu-duong-dao-tri-phuong-phu-thuan-3-prj-q7-saigon-riverside/-hinh-minh-a-ban-dien-tich-lon-goc-tro-vay-70-lh-0914647097-pr31552312,68 m²,"2,65 tỷ",,,2 phòng,2 phòng,,,"Đức Hưng Group Cty làm tại dự án Q7 Riverside hơn 04 năm, nắm từng căn: bán 1PN 2.3 tỷ, 2PN 2,65 tỷ","Dự án Q7 Saigon Riverside, Đường Đào Trí, Phường Phú Thuận, Quận 7, Hồ Chí Minh",,,Chưa Xác Thực,06/11/2024,13/11/2024,,Can Ho Chung Cu
53,Tin VIP Kim Cương,31878130,https://batdongsan.com.vn/ban-can-ho-chung-cu-duong-dao-tri-phuong-phu-thuan-3-prj-q7-saigon-riverside/ch-sg-hot-sap-ban-giao-view-song-gia-sieu-hat-de-chi-tu-1-8ty-lh-0968364060-pr31878130,68 m²,"2,7 tỷ",,,2 phòng,2 phòng,Sổ đỏ/ Sổ hồng,Cơ bản,"Q7 Riverside gồm 2PN2WC/ 68m2/ 2.7 tỷ. Vị trí thuận lợi, trung tâm thành phố. LH: 0932 139 ***","Dự án Q7 Saigon Riverside, Đường Đào Trí, Phường Phú Thuận, Quận 7, Hồ Chí Minh",,,Chưa Xác Thực,06/11/2024,13/11/2024,,Can Ho Chung Cu
54,Tin VIP Kim Cương,41424179,https://batdongsan.com.vn/ban-can-ho-chung-cu-duong-3-2-2-phuong-12-5-prj-hado-centrosa-garden/nam-gio-hang-doc-quyen-hon-100-ha-do-gia-tot-nhat-thi-truong-1pn-5-3ty-2pn-7-1ty-3pn-9ty-pr41424179,88 m²,"7,1 tỷ",,,2 phòng,2 phòng,Sổ đỏ/ Sổ hồng,Đầy đủ,Nắm giỏ hàng độc quyền hơn 100 căn Hà Đô - giá tốt nhất thị trường 1PN 5.3tỷ - 2PN 7.1tỷ - 3PN 9tỷ,"Dự án HaDo Centrosa Garden, Đường 3/2, Phường 12, Quận 10, Hồ Chí Minh",,,Chưa Xác Thực,04/11/2024,19/11/2024,,Can Ho Chung Cu
55,Tin VIP Kim Cương,40164578,https://batdongsan.com.vn/ban-can-ho-chung-cu-duong-dao-tri-phuong-phu-thuan-3-prj-q7-saigon-riverside/gio-hang-doc-quyen-dang-ban-gia-tot-xem-nha-24-7-lh-pr40164578,70 m²,Thỏa thuận,Đông,,2 phòng,2 phòng,Hợp đồng mua bán,Cơ bản,Giỏ hàng độc quyền căn hộ Q7 Riverside đường Đào Trí đang bán giá tốt xem nhà 24/7 LH 0918 765 ***,"Dự án Q7 Saigon Riverside, Đường Đào Trí, Phường Phú Thuận, Quận 7, Hồ Chí Minh",,,Chưa Xác Thực,07/11/2024,14/11/2024,Nam,Can Ho Chung Cu
56,Tin VIP Kim Cương,41376932,https://batdongsan.com.vn/ban-can-ho-chung-cu-duong-vo-van-kiet-phuong-an-lac-6-prj-akari-city-nam-long/thanh-ly-gio-hang-chu-dau-tu-phase-2-pr41376932,61 m²,"3,1 tỷ",,,2 phòng,1 phòng,Hợp đồng mua bán,Cơ bản,Thanh lý giỏ hàng chủ đầu tư căn hộ Akari City phase 2,"Akari City Nam Long, 77, Đường Võ Văn Kiệt, Phường An Lạc, Bình Tân, Hồ Chí Minh",,,Chưa Xác Thực,09/11/2024,16/11/2024,,Can Ho Chung Cu
57,Tin VIP Kim Cương,41473407,https://batdongsan.com.vn/ban-can-ho-chung-cu-phuong-an-phu-prj-the-global-city/nhan-booking-noi-bo-truc-tiep-chu-dau-tu-gia-100trm2-chiet-khau-16-tro-lai-suat-0-pr41473407,56 m²,Thỏa thuận,,,1 phòng,1 phòng,Hợp đồng mua bán,,NHẬN BOOKING NỘI BỘ (TRỰC TIẾP CHỦ ĐÂU TƯ) - GIÁ 100TRM2 - CHIẾT KHẤU 16% - HỖ TRỢ LÃI SUẤT 0%,"The Global City, An Phú, Quận 2, Hồ Chí Minh",,,Chưa Xác Thực,08/11/2024,16/11/2024,,Can Ho Chung Cu
58,Tin VIP Kim Cương,41478313,https://batdongsan.com.vn/ban-can-ho-chung-cu-duong-3-2-2-phuong-12-5-prj-hado-centrosa-garden/ban-gap-ha-do-gia-tot-co-so-cam-ket-lam-viec-chinh-chu-thuong-luong-duoc-gia-ct-ngay-pr41478313,86 m²,"7,6 tỷ",,,2 phòng,2 phòng,,,Bán gấp căn hộ Hà Đô giá tốt - có sổ - cam kết làm việc chính chủ thương lượng được giá chốt ngay,"Dự án HaDo Centrosa Garden, Đường 3/2, Phường 12, Quận 10, Hồ Chí Minh",,,Chưa Xác Thực,09/11/2024,16/11/2024,,Can Ho Chung Cu
59,Tin thường,41100173,https://batdongsan.com.vn/ban-can-ho-chung-cu-duong-n1-phuong-son-ky-prj-diamond-centery/ro-hang-mua-truc-tiep-cdt-6ty174-gia-102-2pn-1-co-the-tk-3pn-96m2-c-khau-17-view-cv-boi-pr41100173,96 m²,"6,78 tỷ",,,2 phòng,,Hợp đồng mua bán,Cơ bản,Rổ hàng mua trực tiếp CĐT 6tỷ780 (giá 102%) 2PN + 1 (có thể TK 3PN) 96m2 CK 17% view CV hồ bơi,"Dự án Diamond Centery Celadon City, Đường N1, Phường Sơn Kỳ, Tân Phú, Hồ Chí Minh",,,TIN XÁC THỰC,14/10/2024,14/11/2024,,Can Ho Chung Cu
60,Tin thường,41362252,https://batdongsan.com.vn/ban-can-ho-chung-cu-duong-nguyen-xien-phuong-long-thanh-my-prj-the-rainbow-vinhomes-grand-park/-ban-studio-s3-so-do-view-db-biet-thu-va-song-dong-nai-dt-30m2-gia-dau-tu-chi-nhinh-1-4-ty-pr41362252,30 m²,"1,42 tỷ",,,1 phòng,1 phòng,,,"Cần bán Studio S3 sổ đỏ, view ĐB, biệt thự và sông đồng nai, DT 30m2 giá đầu tư chỉ nhỉnh 1,4 tỷ","Dự án The Rainbow - Vinhomes Grand Park, Đường Nguyễn Xiển, Phường Long Thạnh Mỹ, Quận 9, Hồ Chí Minh",,,TIN XÁC THỰC,12/11/2024,22/11/2024,,Can Ho Chung Cu
61,Tin thường,41294895,https://batdongsan.com.vn/ban-can-ho-chung-cu-duong-nguyen-xien-phuong-long-thanh-my-prj-masteri-centre-point/-ban-1pn-view-boi-co-ban-cong-va-logia-noi-that-co-ban-dt-53m2-gia-3-26-ty-pr41294895,"54,5 m²","3,26 tỷ",,,1 phòng,1 phòng,Hợp đồng mua bán,,"Cần bán căn 1PN + view hồ bơi, có ban công và logia, nội thất cơ bản, DT 54.5m2 giá 3,26 tỷ","Dự án Masteri Centre Point, Đường Nguyễn Xiển, Phường Long Thạnh Mỹ, Quận 9, Hồ Chí Minh",,,TIN XÁC THỰC,02/11/2024,12/11/2024,Nam,Can Ho Chung Cu
62,Tin thường,41460991,https://batdongsan.com.vn/ban-can-ho-chung-cu-duong-nguyen-luong-bang-1-phuong-tan-phu-19-prj-riverside-residence/-147m-3pn-ngam-tron-ven-song-thanh-p-huong-cuoc-song-dang-cap-pr41460991,147 m²,14 tỷ,,,3 phòng,3 phòng,Có sổ.,Đầy đủ,"Căn hộ Riverside Residence 147m2, 3PN - Ngắm trọn vẹn sông thành phố, tận hưởng cuộc sống đẳng cấp","Dự án Riverside Residence, Đường Nguyễn Lương Bằng, Phường Tân Phú, Quận 7, Hồ Chí Minh",,,TIN XÁC THỰC,07/11/2024,17/11/2024,,Can Ho Chung Cu
63,Tin thường,41018000,https://batdongsan.com.vn/ban-can-ho-chung-cu-duong-nguyen-thi-dinh-phuong-an-phu-prj-can-ho-precia-quan-2/chinh-chu-ban-2pn2wc-gia-5-ty-dich-vu-5-sao-gan-cho-va-tttm-lh-pr41018000,"68,7 m²","4,1 tỷ",,,2 phòng,2 phòng,Sổ đỏ/ Sổ hồng,Đầy đủ.,"Chính chủ bán Precia 2PN2WC giá 4.1 tỷ, sổ đỏ cầm tay 0969 790 ***","Dự án Căn hộ Precia Quận 2, Đường Nguyễn Thị Định, Phường An Phú, Quận 2, Hồ Chí Minh",,,TIN XÁC THỰC,06/11/2024,16/11/2024,,Can Ho Chung Cu
64,Tin thường,40244668,https://batdongsan.com.vn/ban-can-ho-chung-cu-pho-ton-duc-thang-phuong-ben-nghe-prj-vinhomes-golden-river-ba-son/chinh-chu-ban-bason-sieu-dep-2pn-view-song-sai-gon-bitexco-gia-11-5ty-pr40244668,83 m²,"11,5 tỷ",Tây - Nam,,2 phòng,2 phòng,Sổ đỏ/ Sổ hồng,Đầy đủ,"Chính chủ cần bán căn Vinhomes Bason siêu đẹp 2PN view sông Sài Gòn Bitexco giá 11.5tỷ, 0908 494 ***","Dự án Vinhomes Golden River Ba Son, Phố Tôn Đức Thắng, Phường Bến Nghé, Quận 1, Hồ Chí Minh",,,TIN XÁC THỰC,12/11/2024,22/11/2024,Đông - Nam,Can Ho Chung Cu
65,Tin thường,39553207,https://batdongsan.com.vn/ban-can-ho-chung-cu-duong-dien-bien-phu-phuong-22-prj-vinhomes-central-park/toi-chinh-chu-ban-3-pn-98-7m2-gia-8-4-ty-lh-pr39553207,"98,7 m²","9,8 tỷ",Tây - Bắc,,3 phòng,2 phòng,Sổ đỏ/ Sổ hồng,Đầy đủ,Tôi chính chủ cần bán căn 3PN 98.7m2 giá 9.8 tỷ. LH 0775 219 ***,"Dự án Vinhomes Central Park, Đường Điện Biên Phủ, Phường 22, Bình Thạnh, Hồ Chí Minh",,,TIN XÁC THỰC,26/10/2024,25/11/2024,Đông - Bắc,Can Ho Chung Cu
66,Tin thường,41329517,https://batdongsan.com.vn/ban-can-ho-chung-cu-duong-vo-van-kiet-phuong-an-lac-6-prj-akari-city-nam-long/-co-so-hong-dien-tich-79m2-gia-3-5-ty-view-noi-khu-cong-vien-dep-mat-cong-ngay-pr41329517,79 m²,"3,5 tỷ",,,2 phòng,2 phòng,Sổ đỏ/ Sổ hồng,,"Akari City có sổ hồng diện tích 79m2 giá 3,5 tỷ view nội khu công viên đẹp, mát, công chứng ngay","Akari City Nam Long, Võ Văn Kiệt, An Lạc, Bình Tân, Hồ Chí Minh",,,TIN XÁC THỰC,26/10/2024,25/11/2024,,Can Ho Chung Cu
67,Tin thường,41442052,https://batdongsan.com.vn/ban-can-ho-chung-cu-duong-song-hanh-phuong-an-phu-prj-estella-heights/-height-ban-2pn-tang-cao-view-city-thap-t4-100m2-hiem-pr41442052,99 m²,11 tỷ,,,2 phòng,2 phòng,,,Estella Height - Bán 2PN - tầng cao view city - Tháp T4 - 100m2 (Căn hiếm),"Dự án Estella Heights, Đường Song Hành, Phường An Phú, Quận 2, Hồ Chí Minh",,,TIN XÁC THỰC,06/11/2024,21/11/2024,,Can Ho Chung Cu
68,Tin VIP Kim Cương,41478149,https://batdongsan.com.vn/ban-can-ho-chung-cu-duong-nguyen-van-linh-phuong-tan-phong-9-prj-lavida-plus/tim-dung-nhu-cau-chiet-khau-6-tang-3-chi-vang-khi-nhan-nha-tai-phu-my-hung-q-7-pr41478149,75 m²,43 triệu/m²,,,2 phòng,2 phòng,Hợp đồng mua bán,,Tìm căn đúng nhu cầu - chiết khấu 6% - tặng 3 chỉ vàng khi nhận nhà tại Lavida Plus Phú Mỹ Hưng Q.7,"Dự án Lavida Plus, Đường Nguyễn Văn Linh, Phường Tân Phong, Quận 7, Hồ Chí Minh",,,Chưa Xác Thực,09/11/2024,24/11/2024,,Can Ho Chung Cu
69,Tin VIP Kim Cương,40844248,https://batdongsan.com.vn/ban-can-ho-chung-cu-phuong-binh-trung-tay-prj-diamond-island/full-gio-hang-dao-kim-cuong-quan-2-tu-1-4pn-duplex-pentuse-pool-villa-garden-villa-pr40844248,91 m²,"7,1 tỷ",Tây - Bắc,,2 phòng,2 phòng,Sổ đỏ/ Sổ hồng,Đầy đủ,"Full giỏ hàng căn hộ Đảo Kim Cương Quận 2, từ 1 - 4PN, Duplex, Penthouse, Pool Villa, Garden Villa","Dự án Diamond Island, Phường Bình Trưng Tây, Quận 2, Hồ Chí Minh",,,Chưa Xác Thực,09/11/2024,16/11/2024,Đông - Nam,Can Ho Chung Cu
70,Tin VIP Kim Cương,40431931,https://batdongsan.com.vn/ban-can-ho-chung-cu-duong-vo-nguyen-giap-phuong-thao-dien-prj-masteri-thao-dien/gio-hang-moi-nhat-gia-canh-tranh-da-dang-vi-tri-lh-ngay-tieu-hien-pr40431931,78 m²,Thỏa thuận,,,2 phòng,2 phòng,Sổ đỏ/ Sổ hồng,Đầy đủ.,"Giỏ hàng mới nhất Masteri Thảo Điền - giá cạnh tranh, đa dạng vị trí, LH ngay 0903 037 *** Tiểu Hiền","Masteri Thảo Điền, 159, Đường Võ Nguyên Giáp, Phường Thảo Điền, Quận 2, Hồ Chí Minh",,,Chưa Xác Thực,06/11/2024,13/11/2024,,Can Ho Chung Cu
71,Tin VIP Kim Cương,40900845,https://batdongsan.com.vn/ban-can-ho-chung-cu-duong-dien-bien-phu-phuong-22-prj-vinhomes-central-park/nam-gio-hang-gia-tot-nhat-vinmes-va-l81-1pn-3ty8-2pn-5ty8-3pn-9ty2-4pn-13ty-pr40900845,115 m²,10 tỷ,Đông - Bắc,,3 phòng,2 phòng,Sổ đỏ/ Sổ hồng,,"Nắm giỏ hàng giá tốt nhất căn hộ Vinhomes Central Park và L81-1PN=4tỷ, 2PN=6tỷ3, 3PN=9tỷ7,4PN=13tỷ9","Dự án Vinhomes Central Park, Đường Điện Biên Phủ, Phường 22, Bình Thạnh, Hồ Chí Minh",,,Chưa Xác Thực,09/11/2024,19/11/2024,Tây - Nam,Can Ho Chung Cu
72,Tin VIP Kim Cương,41299064,https://batdongsan.com.vn/ban-can-ho-chung-cu-phuong-long-thanh-my-prj-vinhomes-grand-park/gio-hang-tong-p-vinmes-tot-nhat-thang-10-2024-pr41299064,59 m²,"2,2 tỷ",,,2 phòng,1 phòng,Sổ đỏ/ Sổ hồng,,Giỏ hàng tổng hợp căn hộ vinhomes grand park tốt nhất tháng 11/2024,"Vinhomes Grand Park, Phường Long Thạnh Mỹ, Quận 9, Hồ Chí Minh",,,Chưa Xác Thực,06/11/2024,14/11/2024,,Can Ho Chung Cu
73,Tin VIP Kim Cương,41473254,https://batdongsan.com.vn/ban-can-ho-chung-cu-duong-mai-chi-tho-phuong-an-phu-prj-the-sun-avenue/ban-ro-hang-200-t-tang-cao-view-song-goc-tien-ich-5-sao-pr41473254,76 m²,"4,5 tỷ",,,2 phòng,2 phòng,Đang chờ sổ,,"Bán căn hộ The Sun Avenue - Rổ hàng 200 căn hot - Tầng cao, view sông, căn góc, tiện ích 5 sao","Dự án The Sun Avenue, Đường Mai Chí Thọ, Phường An Phú, Quận 2, Hồ Chí Minh",,,Chưa Xác Thực,08/11/2024,16/11/2024,,Can Ho Chung Cu
74,Tin VIP Kim Cương,41234612,https://batdongsan.com.vn/ban-can-ho-chung-cu-duong-so-6-phuong-hiep-binh-phuoc-prj-urban-green/full-ro-hang-cdt-kusto-home-va-sang-nhuong-htls-2-3-nam-tang-150-500tr-va-3-nam-pql-pr41234612,84 m²,"4,5 tỷ",Tây - Nam,,2 phòng,2 phòng,Hợp đồng mua bán,Đầy đủ,"Rổ hàng cuối cùng cđt Kusto Urban Green T11. Htls 0% 3 năm, tặng 500tr và 3 năm PQL, 5 chỉ vàng SJC","Dự án Urban Green, Đường Số 6, Phường Hiệp Bình Phước, Thủ Đức, Hồ Chí Minh",,,Chưa Xác Thực,07/11/2024,14/11/2024,,Can Ho Chung Cu
75,Tin VIP Kim Cương,41471320,https://batdongsan.com.vn/ban-can-ho-chung-cu-duong-le-van-luong-xa-nhon-duc-prj-khai-hoan-prime/long-g-investment-cap-nhat-gio-hang-truc-tiep-cdt-view-song-chi-tu-2-2-ty-can-pr41471320,47 m²,"2,2 tỷ",Đông - Nam,,1 phòng,1 phòng,Hợp đồng mua bán,Cơ bản,"Long Hoàng Investment cập nhật giỏ hàng trực tiếp CDT Khải Hoàn Prime, view sông chỉ từ 2,2 tỷ/căn","Dự án Khải Hoàn Prime, Đường Lê Văn Lương, Xã Nhơn Đức, Nhà Bè, Hồ Chí Minh",,,Chưa Xác Thực,08/11/2024,15/11/2024,Đông - Nam,Can Ho Chung Cu
76,Tin VIP Kim Cương,39400385,https://batdongsan.com.vn/ban-can-ho-chung-cu-duong-nguyen-co-thach-phuong-an-khanh-prj-the-river-thu-thiem/nam-key-nhieu-chu-ket-tien-ban-lo-tai-1pn-8ty7-2pn-10ty-3pn-15ty-pr39400385,64 m²,"7,3 tỷ",,,1 phòng,1 phòng,,,Nắm key nhiều căn chủ kẹt tiền bán lỗ tại The River :(Pent-99tỷ) (4PN-43ty) (3PN -18tỷ) (2PN-12tỷ),"Dự án The River Thủ Thiêm, Đường Nguyễn Cơ Thạch, Phường An Khánh, Quận 2, Hồ Chí Minh",,,Chưa Xác Thực,08/11/2024,23/11/2024,,Can Ho Chung Cu
77,Tin VIP Kim Cương,38623445,https://batdongsan.com.vn/ban-can-ho-chung-cu-duong-xa-lo-ha-noi-phuong-thao-dien-prj-masteri-thao-dien/chuyen-chuyen-nhuong-ht-vay-bank-80-bao-gia-thap-nhat-thi-truong-pr38623445,74 m²,Thỏa thuận,Đông - Nam,,2 phòng,2 phòng,Sổ đỏ/ Sổ hồng,Đầy đủ,Chuyên CH Masteri Thảo Điền - cam kết báo giá thật - bao giá thấp nhất thị trường - hỗ trợ vay 80%,"Dự án Masteri Thảo Điền, Đường Xa Lộ Hà Nội, Phường Thảo Điền, Quận 2, Hồ Chí Minh",,,Chưa Xác Thực,08/11/2024,23/11/2024,Tây - Bắc,Can Ho Chung Cu
78,Tin VIP Kim Cương,40890729,https://batdongsan.com.vn/ban-can-ho-chung-cu-duong-so-6-phuong-hiep-binh-phuoc-prj-urban-green/-truc-tiep-cdt-kusto-me-thu-duc-chiet-khau-nhanh-9-2pn-5-2-ti-3pn-6-7-ty-pr40890729,84 m²,"4,45 tỷ",Đông - Bắc,,2 phòng,2 phòng,,,"Trực tiếp CĐT Kusto Home-căn hộ Urban Green-chiết khấu TT nhanh 9%, tặng nội thất 500tr, 0909 953 ***","Dự án Urban Green, Đường Số 6, Phường Hiệp Bình Phước, Thủ Đức, Hồ Chí Minh",,,Chưa Xác Thực,08/11/2024,15/11/2024,Đông - Nam,Can Ho Chung Cu
79,Tin VIP Kim Cương,41307812,https://batdongsan.com.vn/ban-can-ho-chung-cu-duong-mai-chi-tho-phuong-thu-thiem-prj-empire-city-thu-thiem/cap-nhat-gio-hang-moi-nhat-tu-1-4pn-cao-cap-gia-truc-tiep-chinh-chu-pr41307812,64 m²,"7,5 tỷ",,,1 phòng,1 phòng,Hợp đồng mua bán,,"Cập nhật giỏ hàng mới nhất Empire City từ 1 - 4PN - Căn hộ cao cấp, giá trực tiếp chính chủ","Dự án Empire City Thủ Thiêm, Đường Mai Chí Thọ, Phường Thủ Thiêm, Quận 2, Hồ Chí Minh",,,Chưa Xác Thực,08/11/2024,15/11/2024,,Can Ho Chung Cu
80,Tin VIP Kim Cương,41194961,https://batdongsan.com.vn/ban-can-ho-chung-cu-duong-xa-lo-ha-noi-phuong-thao-dien-prj-masteri-thao-dien/gap-mat-chinh-chu-khong-qua-trung-gian-khong-chenh-lech-2pn-5-8-ty-dien-pr41194961,74 m²,"5,8 tỷ",,,2 phòng,2 phòng,Sổ đỏ/ Sổ hồng,Đầy đủ,"Gặp mặt chính chủ, không qua trung gian, không chênh lệch, 1,2 và 3PN Masteri Thảo Điền","Dự án Masteri Thảo Điền, Đường Xa Lộ Hà Nội, Phường Thảo Điền, Quận 2, Hồ Chí Minh",,,Chưa Xác Thực,08/11/2024,15/11/2024,,Can Ho Chung Cu
81,Tin VIP Kim Cương,41346898,https://batdongsan.com.vn/ban-can-ho-chung-cu-duong-do-xuan-hop-phuong-an-phu-prj-the-global-city/-du-duoc-d-tp-thu-duc-mong-doi-nhat-trong-nam-2024-pr41346898,139 m²,Thỏa thuận,,,4 phòng,3 phòng,Hợp đồng mua bán,Cơ bản,Căn hộ The Global City - Dự án được cư dân TP Thủ Đức mong đợi nhất trong năm 2024,"The Global City, Đường Đỗ Xuân Hợp, Phường An Phú, Quận 2, Hồ Chí Minh",,,Chưa Xác Thực,08/11/2024,15/11/2024,,Can Ho Chung Cu
82,Tin VIP Kim Cương,41468115,https://batdongsan.com.vn/ban-can-ho-chung-cu-duong-nguyen-huu-tho-phuong-tan-hung-14-prj-sunrise-city/chinh-chu-ban-noi-that-moi-decor-lh-pr41468115,76 m²,"5,3 tỷ",Đông,,2 phòng,2 phòng,Sổ đỏ/ Sổ hồng,Đầy đủ,Chính chủ bán căn hộ Sunrise nội thất mới decor. LH 0931 781 ***,"Dự án Sunrise City, Đường Nguyễn Hữu Thọ, Phường Tân Hưng, Quận 7, Hồ Chí Minh",,,Chưa Xác Thực,08/11/2024,15/11/2024,Tây,Can Ho Chung Cu
83,Tin VIP Kim Cương,41467426,https://batdongsan.com.vn/ban-can-ho-chung-cu-phuong-son-ky-prj-diamond-alnata/chinh-chu-ban-p1-2-22-sky-linked-villa-doc-la-nhat-viet-nam-phien-ban-gioi-han-chi-204-pr41467426,"215,9 m²","10,99 tỷ",Nam,,3 phòng,2 phòng,Hợp đồng mua bán,Cơ bản,Chính chủ bán căn P1.2.22 -Sky Linked Villa - độc lạ nhất Việt Nam -phiên bản giới hạn chỉ 204 căn,"Dự án Diamond Alnata, Phường Sơn Kỳ, Tân Phú, Hồ Chí Minh",,,TIN XÁC THỰC,08/11/2024,15/11/2024,Bắc,Can Ho Chung Cu
84,Tin VIP Kim Cương,41466419,https://batdongsan.com.vn/ban-can-ho-chung-cu-duong-phan-huy-ich-phuong-15-8-prj-chung-cu-phuc-yen/-tien-tra-no-ngan-hang-nen-ban-lo-penuse-cc-195m2-pr41466419,195 m²,6 tỷ,Tây,,4 phòng,3 phòng,,,Cần tiền trả nợ ngân hàng nên bán lỗ căn hộ penthouse CC Phúc Yên 195m2,"Chung cư Phúc Yên, Số 33, Đường Phan Huy Ích, Phường 15, Tân Bình, Hồ Chí Minh",,,TIN XÁC THỰC,08/11/2024,18/11/2024,Đông,Can Ho Chung Cu
85,Tin VIP Kim Cương,41386706,https://batdongsan.com.vn/ban-can-ho-chung-cu-duong-mai-chi-tho-phuong-thu-thiem-prj-empire-city-thu-thiem/ssqc-cap-nhat-n-234-sieu-pham-t11-2024-gia-kich-san-view-cuc-dinh-tu-1-4pn-duplex-pent-pr41386706,95 m²,"11,2 tỷ",Tây,,2 phòng,2 phòng,Hợp đồng mua bán,Đầy đủ,"TIN THẬT 100% - CẬP NHẬT LIST SIÊU PHẨM CĂN HỘ T11/2024 GIÁ TỐT, VIEW CỰC ĐỈNH TỪ 1-4PN-DUPLEX-PENT","Empire City Thủ Thiêm, Mai Chí Thọ, Thủ Thiêm, Quận 2, Hồ Chí Minh",,,Chưa Xác Thực,08/11/2024,15/11/2024,Đông - Bắc,Can Ho Chung Cu
86,Tin VIP Kim Cương,41465807,https://batdongsan.com.vn/ban-can-ho-chung-cu-phuong-binh-trung-tay-prj-diamond-island/chot-mua-ngay-hon-299-sieu-pham-view-thoang-mat-gia-tot-nhat-thi-truong-1-5pn-duplex-villa-pr41465807,91 m²,"7,3 tỷ",Bắc,,2 phòng,2 phòng,Hợp đồng mua bán,Đầy đủ,"Chốt mua ngay - hơn 299 siêu phẩm view thoáng mát, giá tốt nhất thị trường, 1-5PN-duplex-villa","Dự án Diamond Island, Phường Bình Trưng Tây, Quận 2, Hồ Chí Minh",,,Chưa Xác Thực,08/11/2024,15/11/2024,Đông - Bắc,Can Ho Chung Cu
87,Tin thường,41100173,https://batdongsan.com.vn/ban-can-ho-chung-cu-duong-n1-phuong-son-ky-prj-diamond-centery/ro-hang-mua-truc-tiep-cdt-6ty174-gia-102-2pn-1-co-the-tk-3pn-96m2-c-khau-17-view-cv-boi-pr41100173,96 m²,"6,78 tỷ",,,2 phòng,,Hợp đồng mua bán,Cơ bản,Rổ hàng mua trực tiếp CĐT 6tỷ780 (giá 102%) 2PN + 1 (có thể TK 3PN) 96m2 CK 17% view CV hồ bơi,"Dự án Diamond Centery Celadon City, Đường N1, Phường Sơn Kỳ, Tân Phú, Hồ Chí Minh",,,TIN XÁC THỰC,14/10/2024,14/11/2024,,Can Ho Chung Cu
88,Tin thường,41362252,https://batdongsan.com.vn/ban-can-ho-chung-cu-duong-nguyen-xien-phuong-long-thanh-my-prj-the-rainbow-vinhomes-grand-park/-ban-studio-s3-so-do-view-db-biet-thu-va-song-dong-nai-dt-30m2-gia-dau-tu-chi-nhinh-1-4-ty-pr41362252,30 m²,"1,42 tỷ",,,1 phòng,1 phòng,,,"Cần bán Studio S3 sổ đỏ, view ĐB, biệt thự và sông đồng nai, DT 30m2 giá đầu tư chỉ nhỉnh 1,4 tỷ","Dự án The Rainbow - Vinhomes Grand Park, Đường Nguyễn Xiển, Phường Long Thạnh Mỹ, Quận 9, Hồ Chí Minh",,,TIN XÁC THỰC,12/11/2024,22/11/2024,,Can Ho Chung Cu
89,Tin thường,41294895,https://batdongsan.com.vn/ban-can-ho-chung-cu-duong-nguyen-xien-phuong-long-thanh-my-prj-masteri-centre-point/-ban-1pn-view-boi-co-ban-cong-va-logia-noi-that-co-ban-dt-53m2-gia-3-26-ty-pr41294895,"54,5 m²","3,26 tỷ",,,1 phòng,1 phòng,Hợp đồng mua bán,,"Cần bán căn 1PN + view hồ bơi, có ban công và logia, nội thất cơ bản, DT 54.5m2 giá 3,26 tỷ","Dự án Masteri Centre Point, Đường Nguyễn Xiển, Phường Long Thạnh Mỹ, Quận 9, Hồ Chí Minh",,,TIN XÁC THỰC,02/11/2024,12/11/2024,Nam,Can Ho Chung Cu
90,Tin thường,41460991,https://batdongsan.com.vn/ban-can-ho-chung-cu-duong-nguyen-luong-bang-1-phuong-tan-phu-19-prj-riverside-residence/-147m-3pn-ngam-tron-ven-song-thanh-p-huong-cuoc-song-dang-cap-pr41460991,147 m²,14 tỷ,,,3 phòng,3 phòng,Có sổ.,Đầy đủ,"Căn hộ Riverside Residence 147m2, 3PN - Ngắm trọn vẹn sông thành phố, tận hưởng cuộc sống đẳng cấp","Dự án Riverside Residence, Đường Nguyễn Lương Bằng, Phường Tân Phú, Quận 7, Hồ Chí Minh",,,TIN XÁC THỰC,07/11/2024,17/11/2024,,Can Ho Chung Cu
91,Tin thường,41018000,https://batdongsan.com.vn/ban-can-ho-chung-cu-duong-nguyen-thi-dinh-phuong-an-phu-prj-can-ho-precia-quan-2/chinh-chu-ban-2pn2wc-gia-5-ty-dich-vu-5-sao-gan-cho-va-tttm-lh-pr41018000,"68,7 m²","4,1 tỷ",,,2 phòng,2 phòng,Sổ đỏ/ Sổ hồng,Đầy đủ.,"Chính chủ bán Precia 2PN2WC giá 4.1 tỷ, sổ đỏ cầm tay 0969 790 ***","Dự án Căn hộ Precia Quận 2, Đường Nguyễn Thị Định, Phường An Phú, Quận 2, Hồ Chí Minh",,,TIN XÁC THỰC,06/11/2024,16/11/2024,,Can Ho Chung Cu
92,Tin thường,40244668,https://batdongsan.com.vn/ban-can-ho-chung-cu-pho-ton-duc-thang-phuong-ben-nghe-prj-vinhomes-golden-river-ba-son/chinh-chu-ban-bason-sieu-dep-2pn-view-song-sai-gon-bitexco-gia-11-5ty-pr40244668,83 m²,"11,5 tỷ",Tây - Nam,,2 phòng,2 phòng,Sổ đỏ/ Sổ hồng,Đầy đủ,"Chính chủ cần bán căn Vinhomes Bason siêu đẹp 2PN view sông Sài Gòn Bitexco giá 11.5tỷ, 0908 494 ***","Dự án Vinhomes Golden River Ba Son, Phố Tôn Đức Thắng, Phường Bến Nghé, Quận 1, Hồ Chí Minh",,,TIN XÁC THỰC,12/11/2024,22/11/2024,Đông - Nam,Can Ho Chung Cu
93,Tin thường,39553207,https://batdongsan.com.vn/ban-can-ho-chung-cu-duong-dien-bien-phu-phuong-22-prj-vinhomes-central-park/toi-chinh-chu-ban-3-pn-98-7m2-gia-8-4-ty-lh-pr39553207,"98,7 m²","9,8 tỷ",Tây - Bắc,,3 phòng,2 phòng,Sổ đỏ/ Sổ hồng,Đầy đủ,Tôi chính chủ cần bán căn 3PN 98.7m2 giá 9.8 tỷ. LH 0775 219 ***,"Dự án Vinhomes Central Park, Đường Điện Biên Phủ, Phường 22, Bình Thạnh, Hồ Chí Minh",,,TIN XÁC THỰC,26/10/2024,25/11/2024,Đông - Bắc,Can Ho Chung Cu
94,Tin thường,41329517,https://batdongsan.com.vn/ban-can-ho-chung-cu-duong-vo-van-kiet-phuong-an-lac-6-prj-akari-city-nam-long/-co-so-hong-dien-tich-79m2-gia-3-5-ty-view-noi-khu-cong-vien-dep-mat-cong-ngay-pr41329517,79 m²,"3,5 tỷ",,,2 phòng,2 phòng,Sổ đỏ/ Sổ hồng,,"Akari City có sổ hồng diện tích 79m2 giá 3,5 tỷ view nội khu công viên đẹp, mát, công chứng ngay","Akari City Nam Long, Võ Văn Kiệt, An Lạc, Bình Tân, Hồ Chí Minh",,,TIN XÁC THỰC,26/10/2024,25/11/2024,,Can Ho Chung Cu
95,Tin thường,41442052,https://batdongsan.com.vn/ban-can-ho-chung-cu-duong-song-hanh-phuong-an-phu-prj-estella-heights/-height-ban-2pn-tang-cao-view-city-thap-t4-100m2-hiem-pr41442052,99 m²,11 tỷ,,,2 phòng,2 phòng,,,Estella Height - Bán 2PN - tầng cao view city - Tháp T4 - 100m2 (Căn hiếm),"Dự án Estella Heights, Đường Song Hành, Phường An Phú, Quận 2, Hồ Chí Minh",,,TIN XÁC THỰC,06/11/2024,21/11/2024,,Can Ho Chung Cu
96,Tin VIP Kim Cương,39413278,https://batdongsan.com.vn/ban-can-ho-chung-cu-duong-n1-phuong-son-ky-prj-celadon-city/ro-hang-clear-stock-tu-cdt-gamuda-land-nhan-nha-chi-15-con-lai-tt-trong-24-36-thang-ck-7-5-pr39413278,85 m²,4 tỷ,Tây - Bắc,,2 phòng,2 phòng,Hợp đồng mua bán,Cơ bản.,"Bán gấp căn giá rẻ Diamond Alnata, Celadon City - Chỉ còn 1 căn nhận nhà chỉ với 4 tỷ - H. Đông Nam","Dự án Celadon City, Đường N1, Phường Sơn Kỳ, Tân Phú, Hồ Chí Minh",,,Chưa Xác Thực,08/11/2024,15/11/2024,Đông - Nam,Can Ho Chung Cu
97,Tin VIP Kim Cương,41465216,https://batdongsan.com.vn/ban-can-ho-chung-cu-duong-vo-nguyen-giap-phuong-an-phu-prj-lumiere-riverside/tin-that-100-ban-gio-hang-1-2-3-4-pent-dup-tai-gia-sieu-re-view-dep-pr41465216,74 m²,"6,5 tỷ",,,2 phòng,2 phòng,Sổ đỏ/ Sổ hồng,Cơ bản,"Tin thật 100% - bán giỏ hàng căn hộ 1-2-3-4-pent-dup tại Lumiere Riverside giá siêu rẻ, view đẹp","Lumiere Riverside, Võ Nguyên Giáp, An Phú, Quận 2, Hồ Chí Minh",,,Chưa Xác Thực,08/11/2024,15/11/2024,,Can Ho Chung Cu
98,Tin VIP Kim Cương,41464109,https://batdongsan.com.vn/ban-can-ho-chung-cu-phuong-long-thanh-my-prj-the-beverly-solari-vinhomes-grand-park/soc-1pn-gia-2-05-ty-vinmes-mua-truc-tiep-vinmes-lh-pr41464109,47 m²,"2,05 tỷ",Tây - Bắc,,1 phòng,1 phòng,Sổ đỏ/ Sổ hồng,,"Sốc,căn hộ 1PN+ giá 2.05 tỷ Beverly Solari Vinhomes Grand Park mua trực tiếp vinhomes LH 0903 040 ***","Dự án The Beverly Solari - Vinhomes Grand Park, Phường Long Thạnh Mỹ, Quận 9, Hồ Chí Minh",,,Chưa Xác Thực,08/11/2024,15/11/2024,Đông - Nam,Can Ho Chung Cu
99,Tin VIP Kim Cương,41456465,https://batdongsan.com.vn/ban-can-ho-chung-cu-duong-do-xuan-hop-phuong-an-phu-prj-the-global-city/mo-ban-masteri-grand-view-ck-16-tang-5-chi-vang-lh-pr41456465,76 m²,"7,6 tỷ",,,2 phòng,2 phòng,,Đầy đủ,"Mở bán căn hộ Masteri Grand View - The Global City, CK 16%, Hỗ trợ lãi suất 0%. LH: 0975 467 ***","Dự án The Global City, Đường Đỗ Xuân Hợp, Phường An Phú, Quận 2, Hồ Chí Minh",,,Chưa Xác Thực,07/11/2024,14/11/2024,,Can Ho Chung Cu
100,Tin VIP Kim Cương,41461331,https://batdongsan.com.vn/ban-can-ho-chung-cu-phuong-an-phu-prj-the-global-city/nhan-booking-cao-tang-tai-kdt-trung-tam-q2-chi-tu-100tr-m2-vay-nh-80-lai-suat-0-pr41461331,56 m²,"5,6 tỷ",,,1 phòng,1 phòng,Hợp đồng mua bán,Cơ bản,"NHẬN BOOKING CAO TẦNG TẠI KĐT THE GLOBAL CITY, TRUNG TÂM Q2- CHỈ TỪ 100TR/M2,VAY NH 80%,LÃI SUẤT 0%","The Global City, An Phú, Quận 2, Hồ Chí Minh",,,Chưa Xác Thực,07/11/2024,15/11/2024,,Can Ho Chung Cu
101,Tin VIP Kim Cương,37128028,https://batdongsan.com.vn/ban-can-ho-chung-cu-duong-mai-chi-tho-phuong-thu-thiem-prj-empire-city-thu-thiem/list-gia-tot-va-thanh-kan-cao-05-2023-pr37128028,93 m²,"11,5 tỷ",Đông - Nam,,2 phòng,2 phòng,Hợp đồng mua bán,Đầy đủ,"Empire City 1PN tầng cao view Quận 1 vĩnh viễn 9 tỷ, 2PN 11.5 tỷ, 3PN 150m2 view sông 25 tỷ","Dự án Empire City Thủ Thiêm, Đường Mai Chí Thọ, Phường Thủ Thiêm, Quận 2, Hồ Chí Minh",,,Chưa Xác Thực,07/11/2024,17/11/2024,Đông - Nam,Can Ho Chung Cu
102,Tin VIP Kim Cương,41458174,https://batdongsan.com.vn/ban-can-ho-chung-cu-duong-mai-chi-tho-phuong-an-phu-prj-eaton-park/khai-truong-nha-mau-quan-2-uu-dai-len-den-10-co-hoi-so-huu-xe-mercedes-e300-pr41458174,55 m²,7 tỷ,,,1 phòng,1 phòng,Hợp đồng mua bán,Đầy đủ,"KHAI TRƯƠNG NHÀ MẪU EATON PARK QUẬN 2, Ưu đãi lên đến 10% Cơ hội sở hữu xe Mercedes E300","Eaton Park, Đường Mai Chí Thọ, Phường An Phú, Quận 2, Hồ Chí Minh",,,Chưa Xác Thực,07/11/2024,22/11/2024,,Can Ho Chung Cu
103,Tin VIP Kim Cương,41458454,https://batdongsan.com.vn/ban-can-ho-chung-cu-phuong-an-phu-prj-the-global-city/suat-ngoai-giao-1pn-56m2-tang-voucher-noi-that-500tr-pr41458454,56 m²,"5,6 tỷ",,,1 phòng,1 phòng,Hợp đồng mua bán,Cơ bản,Suất ngoại giao căn hộ The Global City căn 1PN 56m2 - Tặng Voucher nội thất 500tr,"The Global City, An Phú, Quận 2, Hồ Chí Minh",,,Chưa Xác Thực,07/11/2024,22/11/2024,Đông - Nam,Can Ho Chung Cu
104,Tin VIP Kim Cương,41456838,https://batdongsan.com.vn/ban-can-ho-chung-cu-duong-nguyen-van-linh-phuong-7-6-prj-dream-home-riverside/chinh-chu-ban-loi-02-57m2-2pn-1-290-ty-62m2-1-450-ty-da-bao-vat-pr41456838,57 m²,"1,29 tỷ",,,2 phòng,2 phòng,Hợp đồng mua bán,Cơ bản,Chính chủ bán gấp 02 căn Dream Home Riverside - 57m2-2PN: 1.290 tỷ; căn 62m2-1.399 tỷ đã bao VAT,"Dự án Dream Home Riverside, Đường Nguyễn Văn Linh, Phường 7, Quận 8, Hồ Chí Minh",,,Chưa Xác Thực,07/11/2024,14/11/2024,,Can Ho Chung Cu
105,Tin VIP Kim Cương,41086783,https://batdongsan.com.vn/ban-can-ho-chung-cu-duong-xa-lo-ha-noi-phuong-thao-dien-prj-masteri-thao-dien/chuyen-ban-quan-2-1pn-gia-4-1-ty-2pn-gia-5-2-ty-3pn-gia-7-2-ty-pr41086783,75 m²,Thỏa thuận,,,2 phòng,2 phòng,Sổ đỏ/ Sổ hồng,,"Chuyên bán Masteri Thảo Điền Quận 2, 1PN giá 4.1 tỷ, 2PN giá 5.2 tỷ, 3PN giá 7.2 Tỷ, Duplex 11.5 tỷ","Dự án Masteri Thảo Điền, Đường Xa Lộ Hà Nội, Phường Thảo Điền, Quận 2, Hồ Chí Minh",,,Chưa Xác Thực,07/11/2024,14/11/2024,,Can Ho Chung Cu
106,Tin VIP Kim Cương,41240778,https://batdongsan.com.vn/ban-can-ho-chung-cu-duong-n1-phuong-son-ky-prj-celadon-city/celadoncity-ro-hang-cdt-moi-nhat-t10-2024-chiet-khau-hon-17-an-han-ls-36-thang-loi-nhuan-6-nam-pr41240778,85 m²,"4,4 tỷ",Đông - Nam,,2 phòng,2 phòng,,,"CeladonCity rổ hàng CĐT mới nhất T11/2024, chiết khấu hơn 17%, ân hạn LS 36 tháng, lợi nhuận 6%/năm","Celadon City, N1, Sơn Kỳ, Tân Phú, Hồ Chí Minh",,,Chưa Xác Thực,07/11/2024,17/11/2024,Nam,Can Ho Chung Cu
107,Tin VIP Kim Cương,41442832,https://batdongsan.com.vn/ban-can-ho-chung-cu-duong-vo-van-kiet-phuong-cau-kho-prj-d1mension/d1mention-quan-1-3pn-2wc-103-8-m2-ky-ngay-hd-thue-dai-han-gia-10-9-ty-co-thuong-luong-pr41442832,"103,8 m²","10,9 tỷ",,,3 phòng,2 phòng,Sổ đỏ/ Sổ hồng,Đầy đủ,"D1Mention Quận 1 - Căn 3PN 2WC 103,8 m2, ký ngay HĐ thuê dài hạn. giá 10,9 tỷ (có thương lượng)","Dự án D1Mension, Đường Võ Văn Kiệt, Phường Cầu Kho, Quận 1, Hồ Chí Minh",,,Chưa Xác Thực,06/11/2024,14/11/2024,Tây - Bắc,Can Ho Chung Cu
108,Tin VIP Kim Cương,40688233,https://batdongsan.com.vn/ban-can-ho-chung-cu-duong-nguyen-van-linh-phuong-tan-phong-9-prj-lavida-plus/cdt-tly-400-mt-ng-v-q7-cach-dh-rmit-1p-nhan-nha-ngay-ck-4-2-chi-vang-nh-cho-vay-70-pr40688233,80 m²,"3,5 tỷ",,,2 phòng,2 phòng,,,"Giỏ hàng mới nhất CĐT, view sông/LM81/PMH ưu đãi 6% + vàng, nhận nhà ngay, LS 0%","Dự án Lavida Plus, Đường Nguyễn Văn Linh, Phường Tân Phong, Quận 7, Hồ Chí Minh",,,Chưa Xác Thực,06/11/2024,14/11/2024,Đông - Nam,Can Ho Chung Cu
109,Tin VIP Kim Cương,41448103,https://batdongsan.com.vn/ban-can-ho-chung-cu-phuong-an-phu-prj-the-global-city/mo-ban-gio-hang-gia-tot-nhat-truc-tiep-cdt-chiet-khau-16-tu-5-6-ty-pr41448103,143 m²,Thỏa thuận,,,1 phòng,,Sổ đỏ/ Sổ hồng,Đầy đủ,"GIỎ HÀNG ĐẸP NHẤT THE GLOBAL CITY TRỰC TIẾP CĐT - TỪ 100TRIỆU/M2, CK 16%, HỖ TRỢ LS 0% ĐẾN NĂM 2027","Dự án The Global City, Phường An Phú, Quận 2, Hồ Chí Minh",,,Chưa Xác Thực,06/11/2024,13/11/2024,,Can Ho Chung Cu
110,Tin VIP Kim Cương,41448042,https://batdongsan.com.vn/ban-can-ho-chung-cu-duong-le-van-luong-xa-nhon-duc-prj-khai-hoan-prime/chi-tu-659tr-lam-chu-an-ck-5-15-tro-vay-nh-70-len-den-20-nam-lai-suat-o-pr41448042,50 m²,"2,19 tỷ",,,,,,,"CHỈ TỪ 659TR LÀM CHỦ CĂN HỘ KHẢI HOÀN PRIME. CK 5-15%,HỖ TRỢ VAY NH 70%LÊN ĐẾN 20 NĂM-LÃI SUẤT O%","Khải Hoàn Prime, Lê Văn Lương, Nhơn Đức, Nhà Bè, Hồ Chí Minh",,,Chưa Xác Thực,06/11/2024,13/11/2024,,Can Ho Chung Cu
111,Tin VIP Kim Cương,39670043,https://batdongsan.com.vn/ban-can-ho-chung-cu-duong-dai-lo-vong-cung-phuong-an-khanh-prj-the-galleria-residence/top-5-1-phong-ngu-tai-metropole-dang-dau-tu-lien-he-ngan-nguyen-pr39670043,50 m²,"8,5 tỷ",Đông - Bắc,,1 phòng,1 phòng,Hợp đồng mua bán,Cơ bản,"Top 5 căn 1 phòng ngủ tại Metropole - The Galleria đáng đầu tư, liên hệ 0981 799 *** Ngân Nguyễn","Dự án The Galleria Residence, Đường Đại Lộ Vòng Cung, Phường An Khánh, Quận 2, Hồ Chí Minh",,,Chưa Xác Thực,06/11/2024,13/11/2024,Tây - Nam,Can Ho Chung Cu
112,Tin VIP Kim Cương,41441540,https://batdongsan.com.vn/ban-can-ho-chung-cu-duong-dai-lo-vong-cung-phuong-thu-thiem-prj-the-opera-residence/hhl-team-thanh-ly-6can-do-mat-kha-nang-thanh-toan-1pn-11ty-2pn-13-7ty-3pn-24-ty-pr41441540,81 m²,"13,7 tỷ",,,2 phòng,2 phòng,Hợp đồng mua bán,Đầy đủ,"HHL team thanh lý 6 căn Opera do mất khả năng thanh toán(1PN-11tỷ)(2PN-13.7tỷ),(3PN- 24 tỷ)","Dự án The Opera Residence, Đường Đại Lộ Vòng Cung, Phường Thủ Thiêm, Quận 2, Hồ Chí Minh",,,Chưa Xác Thực,06/11/2024,13/11/2024,,Can Ho Chung Cu
113,Tin VIP Kim Cương,41441025,https://batdongsan.com.vn/ban-can-ho-chung-cu-duong-nguyen-huu-tho-phuong-tan-hung-14-prj-sunrise-city/that-100-so-ng-76m-4-8ty-106m-5-8ty-162m-8-3ty-tai-q-7-pr41441025,162 m²,"8,3 tỷ",,,3 phòng,3 phòng,Sổ đỏ/ Sổ hồng,Đầy đủ.,Thật 100% căn hộ sổ hồng - (76m2 - 4.8tỷ) (124m2 - 6.5ỷ) (162m2 - 8.3tỷ) tại Sunrise City Q. 7,"Dự án Sunrise City, Đường Nguyễn Hữu Thọ, Phường Tân Hưng, Quận 7, Hồ Chí Minh",,,Chưa Xác Thực,06/11/2024,16/11/2024,,Can Ho Chung Cu
114,Tin VIP Kim Cương,40160759,https://batdongsan.com.vn/ban-can-ho-chung-cu-duong-dien-bien-phu-phuong-22-prj-vinhomes-central-park/2pn-89m2-6-7-ty-3pn-120m2-9-5-ty-4pn-140m2-12ty-da-co-so-hong-thuong-luong-pr40160759,89 m²,"7,4 tỷ",Đông - Bắc,,2 phòng,2 phòng,Sổ đỏ/ Sổ hồng,Đầy đủ,"Tân Cảng 2PN 89m2 7.4 tỷ, 2PN 89m2 8.5 tỷ, 2PN 85m2 7.6tỷ đã có sổ hồng, thương lượng 0937 600 ***","Dự án Vinhomes Central Park, Đường Điện Biên Phủ, Phường 22, Bình Thạnh, Hồ Chí Minh",,,Chưa Xác Thực,06/11/2024,13/11/2024,Đông - Nam,Can Ho Chung Cu
115,Tin thường,40232219,https://batdongsan.com.vn/ban-can-ho-chung-cu-duong-nguyen-huu-canh-phuong-22-prj-sunwah-pearl/-2pn-full-noi-that-toa-golden-use-view-song-noi-khu-mat-me-gia-re-nhat-thi-truong-pr40232219,106 m²,"11,75 tỷ",Đông - Bắc,,2 phòng,2 phòng,,,Căn hộ 2PN full nội thất tòa Golden House. View sông + nội khu mát mẻ. Giá rẻ nhất thị trường,"Dự án Sunwah Pearl, Đường Nguyễn Hữu Cảnh, Phường 22, Bình Thạnh, Hồ Chí Minh",,,TIN XÁC THỰC,03/11/2024,14/11/2024,,Can Ho Chung Cu
116,Tin thường,38240655,https://batdongsan.com.vn/ban-can-ho-chung-cu-phuong-binh-trung-tay-prj-diamond-island/tin-xac-thuc-200-gia-sieu-tot-va-hiem-cho-2-phong-ngu-brilliant-co-so-hong-109m2-gia-8-8-ty-pr38240655,"97,7 m²","9,6 tỷ",Tây,,2 phòng,2 phòng,Sổ đỏ/ Sổ hồng,Nội thất đầy đủ.,"Tin xác thực 200 % - giá siêu tốt và hiếm cho 2 phòng ngủ Brilliant có sổ hồng - 97.7m2 - giá 9,6tỷ","Dự án Diamond Island, Phường Bình Trưng Tây, Quận 2, Hồ Chí Minh",,,TIN XÁC THỰC,12/11/2024,22/11/2024,Nam,Can Ho Chung Cu
117,Tin thường,41343159,https://batdongsan.com.vn/ban-can-ho-chung-cu-duong-xa-lo-ha-noi-phuong-thao-dien-prj-masteri-thao-dien/-3pn-2wc-goc-tich-rong-view-tang-gia-tot-tro-vay-pr41343159,93 m²,"8,1 tỷ",Bắc,,3 phòng,2 phòng,Sổ đỏ/ Sổ hồng,Đầy đủ,"Căn hộ 3PN/2WC Masteri Thảo Điền - Căn góc, diện tích rộng, view thoáng, giá tốt - hỗ trợ vay","Dự án Masteri Thảo Điền, Đường Xa Lộ Hà Nội, Phường Thảo Điền, Quận 2, Hồ Chí Minh",,,TIN XÁC THỰC,28/10/2024,27/11/2024,Nam,Can Ho Chung Cu
118,Tin thường,41100173,https://batdongsan.com.vn/ban-can-ho-chung-cu-duong-n1-phuong-son-ky-prj-diamond-centery/ro-hang-mua-truc-tiep-cdt-6ty174-gia-102-2pn-1-co-the-tk-3pn-96m2-c-khau-17-view-cv-boi-pr41100173,96 m²,"6,78 tỷ",,,2 phòng,,Hợp đồng mua bán,Cơ bản,Rổ hàng mua trực tiếp CĐT 6tỷ780 (giá 102%) 2PN + 1 (có thể TK 3PN) 96m2 CK 17% view CV hồ bơi,"Dự án Diamond Centery Celadon City, Đường N1, Phường Sơn Kỳ, Tân Phú, Hồ Chí Minh",,,TIN XÁC THỰC,14/10/2024,14/11/2024,,Can Ho Chung Cu
119,Tin thường,41362252,https://batdongsan.com.vn/ban-can-ho-chung-cu-duong-nguyen-xien-phuong-long-thanh-my-prj-the-rainbow-vinhomes-grand-park/-ban-studio-s3-so-do-view-db-biet-thu-va-song-dong-nai-dt-30m2-gia-dau-tu-chi-nhinh-1-4-ty-pr41362252,30 m²,"1,42 tỷ",,,1 phòng,1 phòng,,,"Cần bán Studio S3 sổ đỏ, view ĐB, biệt thự và sông đồng nai, DT 30m2 giá đầu tư chỉ nhỉnh 1,4 tỷ","Dự án The Rainbow - Vinhomes Grand Park, Đường Nguyễn Xiển, Phường Long Thạnh Mỹ, Quận 9, Hồ Chí Minh",,,TIN XÁC THỰC,12/11/2024,22/11/2024,,Can Ho Chung Cu
120,Tin thường,41294895,https://batdongsan.com.vn/ban-can-ho-chung-cu-duong-nguyen-xien-phuong-long-thanh-my-prj-masteri-centre-point/-ban-1pn-view-boi-co-ban-cong-va-logia-noi-that-co-ban-dt-53m2-gia-3-26-ty-pr41294895,"54,5 m²","3,26 tỷ",,,1 phòng,1 phòng,Hợp đồng mua bán,,"Cần bán căn 1PN + view hồ bơi, có ban công và logia, nội thất cơ bản, DT 54.5m2 giá 3,26 tỷ","Dự án Masteri Centre Point, Đường Nguyễn Xiển, Phường Long Thạnh Mỹ, Quận 9, Hồ Chí Minh",,,TIN XÁC THỰC,02/11/2024,12/11/2024,Nam,Can Ho Chung Cu
121,Tin thường,41460991,https://batdongsan.com.vn/ban-can-ho-chung-cu-duong-nguyen-luong-bang-1-phuong-tan-phu-19-prj-riverside-residence/-147m-3pn-ngam-tron-ven-song-thanh-p-huong-cuoc-song-dang-cap-pr41460991,147 m²,14 tỷ,,,3 phòng,3 phòng,Có sổ.,Đầy đủ,"Căn hộ Riverside Residence 147m2, 3PN - Ngắm trọn vẹn sông thành phố, tận hưởng cuộc sống đẳng cấp","Dự án Riverside Residence, Đường Nguyễn Lương Bằng, Phường Tân Phú, Quận 7, Hồ Chí Minh",,,TIN XÁC THỰC,07/11/2024,17/11/2024,,Can Ho Chung Cu
122,Tin thường,41018000,https://batdongsan.com.vn/ban-can-ho-chung-cu-duong-nguyen-thi-dinh-phuong-an-phu-prj-can-ho-precia-quan-2/chinh-chu-ban-2pn2wc-gia-5-ty-dich-vu-5-sao-gan-cho-va-tttm-lh-pr41018000,"68,7 m²","4,1 tỷ",,,2 phòng,2 phòng,Sổ đỏ/ Sổ hồng,Đầy đủ.,"Chính chủ bán Precia 2PN2WC giá 4.1 tỷ, sổ đỏ cầm tay 0969 790 ***","Dự án Căn hộ Precia Quận 2, Đường Nguyễn Thị Định, Phường An Phú, Quận 2, Hồ Chí Minh",,,TIN XÁC THỰC,06/11/2024,16/11/2024,,Can Ho Chung Cu
123,Tin thường,40244668,https://batdongsan.com.vn/ban-can-ho-chung-cu-pho-ton-duc-thang-phuong-ben-nghe-prj-vinhomes-golden-river-ba-son/chinh-chu-ban-bason-sieu-dep-2pn-view-song-sai-gon-bitexco-gia-11-5ty-pr40244668,83 m²,"11,5 tỷ",Tây - Nam,,2 phòng,2 phòng,Sổ đỏ/ Sổ hồng,Đầy đủ,"Chính chủ cần bán căn Vinhomes Bason siêu đẹp 2PN view sông Sài Gòn Bitexco giá 11.5tỷ, 0908 494 ***","Dự án Vinhomes Golden River Ba Son, Phố Tôn Đức Thắng, Phường Bến Nghé, Quận 1, Hồ Chí Minh",,,TIN XÁC THỰC,12/11/2024,22/11/2024,Đông - Nam,Can Ho Chung Cu
124,Tin VIP Kim Cương,41435045,https://batdongsan.com.vn/ban-can-ho-chung-cu-duong-do-xuan-hop-phuong-an-phu-prj-the-global-city/ra-mat-ph-khu-cao-tg-dau-tien-tai-khu-trung-tam-thi-qu-2-pr41435045,"60,99 m²",Thỏa thuận,,,1 phòng,1 phòng,Sổ đỏ/ Sổ hồng.,,"The Global City, An Phú, Quận 2, giỏ hàng đẹp nhất năm nay, chiết khấu 16%, giá từ 100 tr","The Global City, Đường Đỗ Xuân Hợp, Phường An Phú, Quận 2, Hồ Chí Minh",,,Chưa Xác Thực,06/11/2024,16/11/2024,,Can Ho Chung Cu
125,Tin VIP Kim Cương,37781215,https://batdongsan.com.vn/ban-can-ho-chung-cu-pho-ta-quang-buu-phuong-6-10-prj-the-pegasuite/cap-nhat-ro-hang-sang-nhuong-cao-cap-dep-co-so-gia-tot-tro-vay-cam-ket-gia-that-pr37781215,60 m²,"3,2 tỷ",,,2 phòng,2 phòng,,Đầy đủ,"Tổng hợp căn có sổ bán lại tại căn hộ Pegasuite 1 - Ngân hàng hỗ trợ vay, nhà mới, đẹp","Dự án The Pegasuite, Phố Tạ Quang Bửu, Phường 6, Quận 8, Hồ Chí Minh",,,Chưa Xác Thực,05/11/2024,15/11/2024,,Can Ho Chung Cu
126,Tin VIP Kim Cương,39704904,https://batdongsan.com.vn/ban-can-ho-chung-cu-phuong-long-thanh-my-prj-the-beverly-vinhomes-grand-park/quan-ly-full-gio-hang-dinh-cao-1pn-2-62-ty-2pn-3-9-ty-3pn-6-1-ty-pr39704904,55 m²,"2,9 tỷ",,,1 phòng,1 phòng,,,"The Beverly giá tốt nhất T11: Studio 2.27 tỷ; 1PN + 2.9 tỷ; 2PN 4.08 tỷ; 3PN 6.45 tỷ, Xem nhà 24/7","Dự án The Beverly - Vinhomes Grand Park, Phường Long Thạnh Mỹ, Quận 9, Hồ Chí Minh",,,Chưa Xác Thực,05/11/2024,12/11/2024,,Can Ho Chung Cu
127,Tin VIP Kim Cương,41430601,https://batdongsan.com.vn/ban-can-ho-chung-cu-phuong-long-thanh-my-prj-vinhomes-grand-park/gio-ly-1pn-2-ty-2pn2wc-2-6-ty-2pn-1-2-9-ty-3pn-3-7-ty-re-nhat-quan-9-pr41430601,33 m²,"42,4 triệu/m²",Bắc,,1 phòng,1 phòng,Sổ đỏ/ Sổ hồng,Cơ bản,"Giỏ căn Glory Heights ngoại giao rẽ nhất Studio: 1,4 tỷ / 1PN+: 2,2 tỷ / 2PN: 2,7 tỷ Vinhomes Quận9","Dự án Vinhomes Grand Park, Phường Long Thạnh Mỹ, Quận 9, Hồ Chí Minh",,,Chưa Xác Thực,05/11/2024,12/11/2024,Đông - Nam,Can Ho Chung Cu
128,Tin VIP Kim Cương,33734356,https://batdongsan.com.vn/ban-can-ho-chung-cu-pho-ton-duc-thang-phuong-ben-nghe-prj-vinhomes-golden-river-ba-son/gio-hang-chuyen-nhuong-vinmes-bason-nhung-gia-tot-5-pr33734356,70 m²,"7,5 tỷ",,,2 phòng,,,NTCB.,"Giỏ hàng chuyển nhượng căn hộ Vinhomes Ba Son 1PN, 2PN, 3PN, 4PN những căn giá tốt tháng T10/2024","Dự án Vinhomes Golden River Ba Son, Phố Tôn Đức Thắng, Phường Bến Nghé, Quận 1, Hồ Chí Minh.",,,Chưa Xác Thực,05/11/2024,12/11/2024,,Can Ho Chung Cu
129,Tin VIP Kim Cương,41405246,https://batdongsan.com.vn/ban-can-ho-chung-cu-duong-huynh-ba-chanh-xa-tan-kien-prj-conic-boulevard/-thanh-toan-450tr-nhan-nha-bank-mien-lai-18-thang-tang-phi-ql-ck-toi-15-pr41405246,84 m²,37 triệu/m²,,,2 phòng,2 phòng,Hợp đồng mua bán,Cơ bản,"Căn hộ Conic Boulevard - Thanh toán 450tr nhận nhà, bank miễn lãi 18 tháng, tặng phí QL, CK tới 15%","Dự án Conic Boulevard, Đường Huỳnh Bá Chánh, Xã Tân Kiên, Bình Chánh, Hồ Chí Minh",,,Chưa Xác Thực,02/11/2024,17/11/2024,,Can Ho Chung Cu
130,Tin VIP Kim Cương,39302919,https://batdongsan.com.vn/ban-can-ho-chung-cu-duong-nguyen-huu-tho-phuong-tan-hung-14-prj-sunrise-city/gio-hang-ban-sunrisecity-sunrisecity-view-1pn-2pn-3pn-penhouse-gia-tot-nhat-thi-truong-pr39302919,162 m²,"6,5 tỷ",Đông,,4 phòng,3 phòng,Sổ đỏ/ Sổ hồng,Đầy đủ,"Giỏ hàng bán Sunrisecity, Sunrisecity View, 1PN, 2PN, 3PN, penthouse, giá tốt nhất thị trường","Dự án Sunrise City, Đường Nguyễn Hữu Thọ, Phường Tân Hưng, Quận 7, Hồ Chí Minh",,,Chưa Xác Thực,04/11/2024,19/11/2024,Tây - Bắc,Can Ho Chung Cu
131,Tin VIP Kim Cương,40830464,https://batdongsan.com.vn/ban-can-ho-chung-cu-duong-nguyen-van-linh-phuong-tan-phong-9-prj-lavida-plus/400-khu-phu-my-hung-gia-tu-1-5-ty-27m2-ck-4-tt-som-ngay-tuyen-metro-4-pr40830464,"26,7 m²","1,7 tỷ",,,1 phòng,1 phòng,Hợp đồng mua bán,Cơ bản,10 căn Lavida Plus view sông - Nằm cạnh PMH - Cam kết giá của CĐT - Hỗ trợ LS 0%,"Dự án Lavida Plus, Đường Nguyễn Văn Linh, Phường Tân Phong, Quận 7, Hồ Chí Minh",,,Chưa Xác Thực,04/11/2024,14/11/2024,,Can Ho Chung Cu
132,Tin VIP Kim Cương,40284815,https://batdongsan.com.vn/ban-can-ho-chung-cu-duong-dai-lo-vong-cung-phuong-thu-thiem-prj-the-opera-residence/nam-gio-hang-doc-quyen-hon-99-metropole-dep-nhat-gia-tot-nhat-thi-truong-pr40284815,77 m²,"14,1 tỷ",Tây - Nam,,2 phòng,2 phòng,,,"Nắm giỏ hàng độc quyền hơn 99 căn The Opera Metropole Thủ Thiêm đẹp nhất, giá tốt nhất thị trường","Dự án The Opera Residence, Đường Đại Lộ Vòng Cung, Phường Thủ Thiêm, Quận 2, Hồ Chí Minh",,,Chưa Xác Thực,04/11/2024,19/11/2024,Đông - Bắc,Can Ho Chung Cu
